question_id,context_id,retrieved_context_id_1,retrieved_context_id_2,retrieved_context_id_3,retrieved_context_id_4
0,<urn:uuid:a102a6cb-a608-493c-928f-d32a0da4dbf6>,<urn:uuid:a102a6cb-a608-493c-928f-d32a0da4dbf6>,<urn:uuid:2a9f5e96-8f1f-43cc-b035-9399cbf8e3bf>,<urn:uuid:6c957b41-d297-47f2-883a-c7c838e5282d>,<urn:uuid:cb672a8f-eae8-4e2d-bd5d-64ac367889b5>
1,<urn:uuid:b5d19fcb-1711-4f9f-82cf-f81403382444>,<urn:uuid:b5d19fcb-1711-4f9f-82cf-f81403382444>,<urn:uuid:9e453f62-d42b-4982-8768-20b7adba1fad>,<urn:uuid:cba6fe51-2dca-4f9b-88df-6fc5b8eae2f8>,<urn:uuid:2e1e78ac-1d7f-4299-ba99-b3e8caf5f31b>
2,<urn:uuid:95479dfb-3efd-4235-9bb8-4bfb98caab4f>,<urn:uuid:95479dfb-3efd-4235-9bb8-4bfb98caab4f>,<urn:uuid:67fa6194-1d19-4c3b-97f1-6c9240a5525f>,<urn:uuid:d97798ee-ecd3-4250-8f36-54e607f55b3c>,<urn:uuid:a9167432-213c-4098-bb28-2ec55b9417c1>
3,<urn:uuid:42ae24ce-dc04-4b1e-b0a8-ff18c900fae1>,<urn:uuid:42ae24ce-dc04-4b1e-b0a8-ff18c900fae1>,<urn:uuid:21e6567b-8d54-4896-8b7a-05a0c5e27470>,<urn:uuid:6cf809ad-f1f0-4ca4-a694-c563400a2c19>,<urn:uuid:2f442076-cc62-48de-a008-ce2907af27af>
4,<urn:uuid:85d65922-709a-4f5b-9de7-0c2c19fe8ad3>,<urn:uuid:85d65922-709a-4f5b-9de7-0c2c19fe8ad3>,<urn:uuid:6c6007a7-230c-4eea-9c67-d8df26a1f68a>,<urn:uuid:1337b61c-0867-4d0e-940b-b6f821cdad7e>,<urn:uuid:30e75634-3936-43b2-be9e-d8954cc333f3>
5,<urn:uuid:3de123cf-569c-4770-a110-629ce0121d71>,<urn:uuid:3de123cf-569c-4770-a110-629ce0121d71>,<urn:uuid:0d76d68c-abd7-4598-b723-10eaed821cff>,<urn:uuid:65fdef64-6a10-4c38-b52e-cd2b6dbcd4b3>,<urn:uuid:063337b6-d31a-4e3f-9509-78427a72fd1a>
6,<urn:uuid:34850146-ec74-43a7-aec6-38fb14b423bd>,<urn:uuid:34850146-ec74-43a7-aec6-38fb14b423bd>,<urn:uuid:d54e39fe-1c10-40e4-9e16-e366f844b401>,<urn:uuid:79e5cce9-0ccd-428e-bffe-2240bed6e997>,<urn:uuid:4145d52c-a593-437c-badc-9b3045652b62>
7,<urn:uuid:993331b4-335b-4392-87e0-57d9dfb4a90c>,<urn:uuid:993331b4-335b-4392-87e0-57d9dfb4a90c>,<urn:uuid:53f462df-513e-48df-9141-9c5ecbec9ad4>,<urn:uuid:f8fe4a00-02b8-4ad8-a24a-997ee3eed80f>,<urn:uuid:45230162-6296-4ea4-8172-8a27899678cd>
8,<urn:uuid:f3bec47b-762e-4b07-807f-8ed916da0a2e>,<urn:uuid:f3bec47b-762e-4b07-807f-8ed916da0a2e>,<urn:uuid:b76c324f-b301-48a3-a33e-7fa686f0fd0d>,<urn:uuid:c8652b24-23e6-4bcc-8544-0eed908ba8ab>,<urn:uuid:6c957b41-d297-47f2-883a-c7c838e5282d>
9,<urn:uuid:afa814c7-314d-4c61-9f26-1913a9080ae7>,<urn:uuid:afa814c7-314d-4c61-9f26-1913a9080ae7>,<urn:uuid:12e21dd3-ba73-4b97-a10b-d3aa2cd10ea4>,<urn:uuid:c8fb2b6b-5911-498d-afac-9532e2751d1e>,<urn:uuid:a102a6cb-a608-493c-928f-d32a0da4dbf6>
10,<urn:uuid:17351c40-b1b2-4790-a880-a3be23648f75>,<urn:uuid:17351c40-b1b2-4790-a880-a3be23648f75>,<urn:uuid:3858a57d-1fdd-4d57-8a84-fc51d0fb40b1>,<urn:uuid:b442c8f7-324e-4fd0-a3a4-ac21a43c3ede>,<urn:uuid:88bf712a-392b-4d16-a61a-c2a43fd2f174>
11,<urn:uuid:1bc9c986-8a90-4a07-844e-eb0333f2bbfe>,<urn:uuid:1bc9c986-8a90-4a07-844e-eb0333f2bbfe>,<urn:uuid:b232c6cc-58a0-48ca-ba5e-626878bebbf2>,<urn:uuid:14e7fb43-328c-4b9c-b400-2b74eba27276>,<urn:uuid:7ffebe16-c06d-4783-bcca-cff33a58a90a>
12,<urn:uuid:cae193f3-81e2-44a0-8496-9b94d25d8d1a>,<urn:uuid:cae193f3-81e2-44a0-8496-9b94d25d8d1a>,<urn:uuid:6652dada-d4cf-49b0-a0cf-9851636b3ce0>,<urn:uuid:f8035fac-dd50-4666-8bb6-b7f224f82571>,<urn:uuid:a0797c56-a375-429c-9913-183b3aacd51d>
13,<urn:uuid:8aacbb44-510c-4fb8-9e68-1f1f41281986>,<urn:uuid:8aacbb44-510c-4fb8-9e68-1f1f41281986>,<urn:uuid:97c14e87-ce5f-48d9-8a4d-53fae0b9c2b3>,<urn:uuid:08200fb3-a042-4803-ae99-ee5b629b3722>,<urn:uuid:0b5edab2-60a4-4c1f-9869-96c07e47a98e>
14,<urn:uuid:5878bb30-23f5-4039-a709-5cb1ffc1fe3e>,<urn:uuid:5878bb30-23f5-4039-a709-5cb1ffc1fe3e>,<urn:uuid:cbf7e173-bd47-4200-a24f-870a329a8fe0>,<urn:uuid:214fd24b-a264-4e79-a8eb-0aec014a2416>,<urn:uuid:fd34f40c-aa9b-444a-b235-c00050020567>
15,<urn:uuid:a102ba3e-e41f-4b60-bc6e-838aa3601ab9>,<urn:uuid:a102ba3e-e41f-4b60-bc6e-838aa3601ab9>,<urn:uuid:daa1acb8-1f0e-4f4a-8944-415534334b3a>,<urn:uuid:cd307a3e-07ed-4d41-a8c1-d8a864e6a6c0>,<urn:uuid:2f98d6d2-bdd5-46a7-9ca6-48d4aa618056>
16,<urn:uuid:f52cea09-4167-4b98-b727-6db8da49bcaa>,<urn:uuid:f52cea09-4167-4b98-b727-6db8da49bcaa>,<urn:uuid:44350e1a-37d7-43a7-9e98-1cb587039c8c>,<urn:uuid:2243b59e-6673-490b-b0c2-94f04dfc9f32>,<urn:uuid:2e1e78ac-1d7f-4299-ba99-b3e8caf5f31b>
17,<urn:uuid:cc6d071c-302d-49b9-8214-a623b417ece9>,<urn:uuid:cc6d071c-302d-49b9-8214-a623b417ece9>,<urn:uuid:80f5e51f-9ef5-4415-854f-7cb5b9c900bd>,<urn:uuid:8f94e7c8-1b7c-400b-9e24-8bf329f21ca4>,<urn:uuid:c4c79b2e-7c0a-45aa-898e-682912c3cc1d>
18,<urn:uuid:99b8e197-7887-408e-a073-cff489a9dee1>,<urn:uuid:8ef8f7c1-8b40-434a-bdc1-b993ec5bdd41>,<urn:uuid:dc2a1c36-cf7a-4f99-b21b-240694f91c2b>,<urn:uuid:6c056c27-c584-4e7f-90f3-d47f3b9fd8fd>,<urn:uuid:4648fddd-4625-47a8-a524-31a8edbe9244>
19,<urn:uuid:851d75d0-e2c4-4cfd-a4ad-c90130bbc886>,<urn:uuid:851d75d0-e2c4-4cfd-a4ad-c90130bbc886>,<urn:uuid:23eacc15-895b-4ae6-ad2c-e679f20a7839>,<urn:uuid:fd7760fc-fac9-4f93-870b-5b585e8ef6c2>,<urn:uuid:12e21dd3-ba73-4b97-a10b-d3aa2cd10ea4>
20,<urn:uuid:4296d3a6-671d-48b3-aed3-56f47ea4e44b>,<urn:uuid:4296d3a6-671d-48b3-aed3-56f47ea4e44b>,<urn:uuid:0d5422f6-604c-442c-bf03-999bd6c409ce>,<urn:uuid:434297fb-cbe0-43e0-be23-290eaf10f927>,<urn:uuid:13c38411-12eb-470f-822f-c509ff0c0629>
21,<urn:uuid:0b6258c3-fa05-483f-af91-cf208f0c07e3>,<urn:uuid:0b6258c3-fa05-483f-af91-cf208f0c07e3>,<urn:uuid:023079f0-8f7f-434e-937e-84041c53f69e>,<urn:uuid:21ad2b1a-fa50-43fa-9097-66b7f91f7dff>,<urn:uuid:2cdefe78-2025-41b5-90ab-32349fb57aa8>
22,<urn:uuid:0768bee1-530f-4ece-994a-bbdf8fedba02>,<urn:uuid:0768bee1-530f-4ece-994a-bbdf8fedba02>,<urn:uuid:f7fec4ae-7250-4284-9612-800a389ed2c6>,<urn:uuid:e2fadfd2-eeb3-49bc-a37f-faaec1db8726>,<urn:uuid:c4c79b2e-7c0a-45aa-898e-682912c3cc1d>
23,<urn:uuid:47a9595e-15aa-4996-b030-9c436f9899c6>,<urn:uuid:47a9595e-15aa-4996-b030-9c436f9899c6>,<urn:uuid:ea9f9f2d-ec95-4b86-a017-a0f8f4c1fee7>,<urn:uuid:a3ecdb60-0a0c-4cd1-9071-d92e769f907e>,<urn:uuid:4b5600bd-fd6c-47c1-ba1b-1ce278654220>
24,<urn:uuid:81866bac-f55d-4dfa-a531-ba97ef6102dc>,<urn:uuid:81866bac-f55d-4dfa-a531-ba97ef6102dc>,<urn:uuid:2232cc5b-d317-4352-9af3-d5609b9bf0d2>,<urn:uuid:c63b32e5-2acc-46cb-b2c7-787bec9c2b3f>,<urn:uuid:9fd458c9-06d9-43cb-9638-5f33773cfcf0>
25,<urn:uuid:f6576e20-6b89-4a87-b4c8-3f0bb24e2d09>,<urn:uuid:f6576e20-6b89-4a87-b4c8-3f0bb24e2d09>,<urn:uuid:ce3fae0c-dd68-4c41-aef7-8bc8f2e6b6ae>,<urn:uuid:65b8829e-bba2-4b3b-8773-a85a7704dab8>,<urn:uuid:4dbc737c-7914-486b-a3d2-249babf4d9ef>
26,<urn:uuid:1508c87c-c728-4ce0-94e3-3a97606efe1c>,<urn:uuid:1508c87c-c728-4ce0-94e3-3a97606efe1c>,<urn:uuid:8d59f3e3-dfcf-457c-bd26-4e10022e6bf0>,<urn:uuid:8e056e67-7cff-4688-8f3d-ec057178200a>,<urn:uuid:9344d848-0e5b-419b-8f61-da1ce67ebbd3>
27,<urn:uuid:1097ef5a-f8eb-4288-9a28-97164c92fed2>,<urn:uuid:1097ef5a-f8eb-4288-9a28-97164c92fed2>,<urn:uuid:a1b2421e-befa-45a6-9205-a46f2ed5aa63>,<urn:uuid:790b23e1-bb06-4c74-a461-14a13bac7022>,<urn:uuid:dec2d6a0-4493-4f2e-80b3-32d41daf74b0>
28,<urn:uuid:947204f9-9f87-4086-b9b4-8c56de1d046e>,<urn:uuid:947204f9-9f87-4086-b9b4-8c56de1d046e>,<urn:uuid:e80d017a-95cb-4a13-b9bb-6c878cbf9836>,<urn:uuid:6c69eb5f-4049-4c40-bcb8-08f3bdd10945>,<urn:uuid:8c073110-aab1-42fb-b5c5-4ce5c589d964>
29,<urn:uuid:6c6007a7-230c-4eea-9c67-d8df26a1f68a>,<urn:uuid:6c6007a7-230c-4eea-9c67-d8df26a1f68a>,<urn:uuid:7c4fdaa1-94cd-469a-a6b4-beaeb8847150>,<urn:uuid:5cc61d5e-b521-48a5-b096-c084670d7f09>,<urn:uuid:21e6567b-8d54-4896-8b7a-05a0c5e27470>
30,<urn:uuid:032153b8-ec2b-4588-b4c5-757bb150b3fb>,<urn:uuid:032153b8-ec2b-4588-b4c5-757bb150b3fb>,<urn:uuid:c018e401-6482-410f-93fe-0c78daa60994>,<urn:uuid:15dfc4b2-5a9b-4615-a25f-987b263355f1>,<urn:uuid:07d1bc02-106b-4eae-b449-23970818af5c>
31,<urn:uuid:4069a501-55ab-4495-8fcd-fc35dbb50a72>,<urn:uuid:4069a501-55ab-4495-8fcd-fc35dbb50a72>,<urn:uuid:508996e1-eaef-4bb4-b6d2-272ca669de90>,<urn:uuid:ce6a52b8-f507-4099-aa91-a55ad34c088b>,<urn:uuid:0343641e-2036-4d98-845e-3f6bda99e5c7>
32,<urn:uuid:070e94ee-f526-4b22-ba13-f68bc6423a40>,<urn:uuid:070e94ee-f526-4b22-ba13-f68bc6423a40>,<urn:uuid:8393d16b-d5db-4292-9845-e2cf6b140450>,<urn:uuid:e6fe9e02-a438-4b02-a46c-35de58b1169a>,<urn:uuid:46964b3c-df50-4a66-8fd5-bee01e5f96f9>
33,<urn:uuid:be87189e-4666-4911-b0f9-f1a95c856e21>,<urn:uuid:be87189e-4666-4911-b0f9-f1a95c856e21>,<urn:uuid:779f5960-10e1-43b1-a5f3-3398c1905e24>,<urn:uuid:73465f65-8039-4efa-b174-5fe43937bba6>,<urn:uuid:17351c40-b1b2-4790-a880-a3be23648f75>
34,<urn:uuid:8a8ee714-9dd9-4f6c-8aa1-60fc565584fc>,<urn:uuid:8a8ee714-9dd9-4f6c-8aa1-60fc565584fc>,<urn:uuid:31b350ac-618f-4bac-a377-0c4cae0f45fa>,<urn:uuid:06e56b57-27ed-41e8-b1b7-c86f05b7278d>,<urn:uuid:4648fddd-4625-47a8-a524-31a8edbe9244>
35,<urn:uuid:614d5c1c-d102-4218-b1aa-555dd0091b66>,<urn:uuid:93add79e-45f7-4a8e-bcf6-e992d1cd25f9>,<urn:uuid:9486e766-d44c-4c84-bc22-06ff857cac92>,<urn:uuid:92e076f7-da76-4b86-b76c-44c756a3e2b1>,<urn:uuid:d7108aa2-2faa-413b-9e3e-a73605dfe5b0>
36,<urn:uuid:ba007a23-1a6f-4203-89b2-5e32005ef147>,<urn:uuid:ba007a23-1a6f-4203-89b2-5e32005ef147>,<urn:uuid:05f17a32-8403-4dda-bab5-9620ed60629c>,<urn:uuid:0b6258c3-fa05-483f-af91-cf208f0c07e3>,<urn:uuid:1b73e67a-076c-4b70-bc46-80ca7fbd12d0>
37,<urn:uuid:6b630505-9c4e-4974-907a-cfe00cc77876>,<urn:uuid:6b630505-9c4e-4974-907a-cfe00cc77876>,<urn:uuid:ad118918-053b-4363-8ffd-5b04c8115ffd>,<urn:uuid:30769f01-c02d-4790-8126-db9a8a50f74e>,<urn:uuid:fa2a661c-48a7-4b03-a09f-494f5b1eae99>
38,<urn:uuid:0af2f69b-7861-455b-9fc9-6a25d394b1f1>,<urn:uuid:a102a6cb-a608-493c-928f-d32a0da4dbf6>,<urn:uuid:cb672a8f-eae8-4e2d-bd5d-64ac367889b5>,<urn:uuid:46913150-7e2f-46d7-98c5-3e147e7952c9>,<urn:uuid:d2edd676-d96b-4e95-a90f-bf5a7c50f6b9>
39,<urn:uuid:8eae24db-5db8-4a98-aa31-00afbe05e796>,<urn:uuid:8eae24db-5db8-4a98-aa31-00afbe05e796>,<urn:uuid:1d37aeb0-690d-4d22-aeea-b7eb005b9291>,<urn:uuid:f47b8593-1595-4088-8253-ebc8017513de>,<urn:uuid:c69bcacb-a2a8-4056-8cca-8bde8e233807>
40,<urn:uuid:6be3f26d-95fe-4921-a98e-44b2c665dbfd>,<urn:uuid:6be3f26d-95fe-4921-a98e-44b2c665dbfd>,<urn:uuid:84445423-21d0-408e-afa0-8fc0cee40d54>,<urn:uuid:931cd5e1-5993-43ce-9113-cc5630c66b66>,<urn:uuid:47225ded-7da7-4a7d-8c79-af956b598a4b>
41,<urn:uuid:92e076f7-da76-4b86-b76c-44c756a3e2b1>,<urn:uuid:92e076f7-da76-4b86-b76c-44c756a3e2b1>,<urn:uuid:17351c40-b1b2-4790-a880-a3be23648f75>,<urn:uuid:6be3f26d-95fe-4921-a98e-44b2c665dbfd>,<urn:uuid:9486e766-d44c-4c84-bc22-06ff857cac92>
42,<urn:uuid:47225ded-7da7-4a7d-8c79-af956b598a4b>,<urn:uuid:47225ded-7da7-4a7d-8c79-af956b598a4b>,<urn:uuid:a33fa373-2394-4f4a-bfe7-04fb42f14aa5>,<urn:uuid:8eae24db-5db8-4a98-aa31-00afbe05e796>,<urn:uuid:92e076f7-da76-4b86-b76c-44c756a3e2b1>
43,<urn:uuid:cbe90f6a-00bf-42e2-9aa8-7388ceccd4d4>,<urn:uuid:cbe90f6a-00bf-42e2-9aa8-7388ceccd4d4>,<urn:uuid:24d618fd-999a-4b26-b75f-d83efa7c5998>,<urn:uuid:821308bb-e50d-4765-840f-baf20ba50181>,<urn:uuid:412f36e6-0d20-4fd1-8799-ebb467da7de5>
44,<urn:uuid:825b5cfc-b291-4402-b83f-d58d115f1d30>,<urn:uuid:825b5cfc-b291-4402-b83f-d58d115f1d30>,<urn:uuid:8b77d61e-d882-4731-be9f-1a06eb06f418>,<urn:uuid:92e076f7-da76-4b86-b76c-44c756a3e2b1>,<urn:uuid:2cdc65bd-3a17-4292-a574-11aadb5ce593>
45,<urn:uuid:d82eef60-b4ba-44ff-a858-dfe0f1714ee2>,<urn:uuid:ea9f9f2d-ec95-4b86-a017-a0f8f4c1fee7>,<urn:uuid:d82eef60-b4ba-44ff-a858-dfe0f1714ee2>,<urn:uuid:342cda8b-967b-4ed1-ada8-83a50513989b>,<urn:uuid:7ee57d9c-4e24-47d1-89a1-5eb49b937e90>
46,<urn:uuid:85f9f8e3-e908-424a-b026-72138b9bd9a3>,<urn:uuid:412f36e6-0d20-4fd1-8799-ebb467da7de5>,<urn:uuid:85f9f8e3-e908-424a-b026-72138b9bd9a3>,<urn:uuid:84b66df7-30b2-429a-9e4a-cbe4ca3563c2>,<urn:uuid:ab89cf82-4e97-4b48-b114-8d9ec99b673b>
47,<urn:uuid:04c19a84-23f6-423c-9d3b-9be04cafc8d0>,<urn:uuid:04c19a84-23f6-423c-9d3b-9be04cafc8d0>,<urn:uuid:732f1c66-24c3-45be-b2b8-adf8b387e6a1>,<urn:uuid:05a62ba5-47cc-4e94-a9d1-4b3dab2f206a>,<urn:uuid:2e1e78ac-1d7f-4299-ba99-b3e8caf5f31b>
48,<urn:uuid:4c791b02-8a34-4242-8c01-580391e19ffd>,<urn:uuid:4c791b02-8a34-4242-8c01-580391e19ffd>,<urn:uuid:9be4171c-097e-4e3a-8e8e-2130f4c8f040>,<urn:uuid:df97e450-4ed9-4cf9-8a72-9fdc53e9d9a9>,<urn:uuid:ba007a23-1a6f-4203-89b2-5e32005ef147>
49,<urn:uuid:8897aba3-cd37-4fa0-8760-3dc74bdaa836>,<urn:uuid:8897aba3-cd37-4fa0-8760-3dc74bdaa836>,<urn:uuid:92e076f7-da76-4b86-b76c-44c756a3e2b1>,<urn:uuid:e8f79e7f-6d77-4de3-a284-418937a87cf4>,<urn:uuid:4fed4e00-ba4c-493d-9baf-9e9ac9df2b02>
50,<urn:uuid:be29e34e-7e34-4618-85a6-f7457b8345a3>,<urn:uuid:be29e34e-7e34-4618-85a6-f7457b8345a3>,<urn:uuid:0af2f69b-7861-455b-9fc9-6a25d394b1f1>,<urn:uuid:8c073110-aab1-42fb-b5c5-4ce5c589d964>,<urn:uuid:3204b735-7db3-4246-8e9f-e7e80a379234>
51,<urn:uuid:2a53599e-2bda-413b-9564-6f5b0651f41b>,<urn:uuid:2a53599e-2bda-413b-9564-6f5b0651f41b>,<urn:uuid:9fd458c9-06d9-43cb-9638-5f33773cfcf0>,<urn:uuid:7326cf69-cde1-45db-b87f-231b48f040bf>,<urn:uuid:b6720cc2-ddbf-4127-8dcf-e8915ece3ed3>
52,<urn:uuid:46c4d410-ea0c-444e-a763-df75f89bf24f>,<urn:uuid:46c4d410-ea0c-444e-a763-df75f89bf24f>,<urn:uuid:d91a965e-3c8f-4cc1-a895-d03277ec417f>,<urn:uuid:a6ce6962-4434-4238-b3c3-62b5b1051c34>,<urn:uuid:5bc96815-ff3c-431c-899f-254ae1e1d071>
53,<urn:uuid:86e1741a-9492-4fe5-ba75-42cc9db4c376>,<urn:uuid:86e1741a-9492-4fe5-ba75-42cc9db4c376>,<urn:uuid:69e31766-f4d2-4d53-ba0d-9f61efd4c4a0>,<urn:uuid:de772f07-a3f9-4d9e-9df6-8112ab6421ea>,<urn:uuid:2e855cb2-8f28-4243-a5ec-367358276aa7>
54,<urn:uuid:119e959a-d196-4c80-aac3-3d123dcb5279>,<urn:uuid:78cba486-301a-4a4e-8308-5adaa67517a6>,<urn:uuid:119e959a-d196-4c80-aac3-3d123dcb5279>,<urn:uuid:2cdc65bd-3a17-4292-a574-11aadb5ce593>,<urn:uuid:e5baa0f9-fba0-4401-b37f-f30a1ee7d8a5>
55,<urn:uuid:8269372f-be5c-4212-8830-c7e0ca1b295e>,<urn:uuid:8269372f-be5c-4212-8830-c7e0ca1b295e>,<urn:uuid:db5835e3-82e0-4cf7-b4ef-071dc7f9bf0b>,<urn:uuid:af9d46db-12a9-41d8-9687-1b4232404418>,<urn:uuid:6c6e78b2-8fed-4796-afa2-93bb92d47fd0>
56,<urn:uuid:45230162-6296-4ea4-8172-8a27899678cd>,<urn:uuid:317d2bfa-2176-491f-bcb4-c05e5ab361db>,<urn:uuid:97df1bb4-fced-4eb5-95a6-f9579a20ee0b>,<urn:uuid:245c44ae-121f-48da-896e-6a6b6f31b298>,<urn:uuid:94f7331a-99bd-4c31-8cb2-0c915620a89f>
57,<urn:uuid:1613e116-a6d3-493f-b75a-c5360debe2f1>,<urn:uuid:1613e116-a6d3-493f-b75a-c5360debe2f1>,<urn:uuid:24d618fd-999a-4b26-b75f-d83efa7c5998>,<urn:uuid:df97e450-4ed9-4cf9-8a72-9fdc53e9d9a9>,<urn:uuid:f84ff98a-4094-466f-ae3f-288f548afd8d>
58,<urn:uuid:cc669aaa-fcee-40ac-8255-5cc2d2ebfffb>,<urn:uuid:8c073110-aab1-42fb-b5c5-4ce5c589d964>,<urn:uuid:cc669aaa-fcee-40ac-8255-5cc2d2ebfffb>,<urn:uuid:be29e34e-7e34-4618-85a6-f7457b8345a3>,<urn:uuid:600d84eb-1c98-41de-bd2a-2f48e546bc4d>
59,<urn:uuid:9c40fb2d-3b58-4a45-9746-2bd7148a0ee8>,<urn:uuid:9c40fb2d-3b58-4a45-9746-2bd7148a0ee8>,<urn:uuid:a33fa373-2394-4f4a-bfe7-04fb42f14aa5>,<urn:uuid:a512ff92-05ad-4fc5-a8a4-29eb4dcaceda>,<urn:uuid:36cd269a-5423-407e-a771-afbff6131b22>
60,<urn:uuid:0c070a31-b372-417f-8b31-da4866ae2e0f>,<urn:uuid:0c070a31-b372-417f-8b31-da4866ae2e0f>,<urn:uuid:b879f618-c2b9-4add-ac3b-1228379d1374>,<urn:uuid:ac3499d8-2de2-4986-be9e-3d30184bd67e>,<urn:uuid:e8366689-794a-440c-8ea5-1ff9c3b5c9fc>
61,<urn:uuid:61c8cd97-7e7a-4add-bf69-5d7b545604d2>,<urn:uuid:61c8cd97-7e7a-4add-bf69-5d7b545604d2>,<urn:uuid:da05571f-fc4e-49d4-86a4-a1e3517a0cbd>,<urn:uuid:3c5a26df-bc02-46f4-a811-1739ff565de5>,<urn:uuid:1a4946c4-7743-4e24-9de5-558b74c5ccc1>
62,<urn:uuid:d83ded9e-cab9-4739-a47c-083ede2f7423>,<urn:uuid:d83ded9e-cab9-4739-a47c-083ede2f7423>,<urn:uuid:9a1fb378-cdfe-4651-9f01-a38e02ae6cb3>,<urn:uuid:a384a172-7fc2-477b-b6b5-6ffe638b4706>,<urn:uuid:b0ba1878-1b05-4e95-ba9f-304b1ee3a7e8>
63,<urn:uuid:aa716853-2608-4c5e-bf23-3e2fe15e826d>,<urn:uuid:aa716853-2608-4c5e-bf23-3e2fe15e826d>,<urn:uuid:9fd458c9-06d9-43cb-9638-5f33773cfcf0>,<urn:uuid:5cb25ac1-22a1-4b93-a99d-b93b0f69cb86>,<urn:uuid:390b291e-7ad6-4a6f-886f-0918685ae95a>
64,<urn:uuid:9e487218-80cb-4e6f-91d6-8bf5a17c3707>,<urn:uuid:9e487218-80cb-4e6f-91d6-8bf5a17c3707>,<urn:uuid:5e1f0097-5f2b-4017-a829-7579027e7bd9>,<urn:uuid:0b6258c3-fa05-483f-af91-cf208f0c07e3>,<urn:uuid:899a755b-6307-4dd9-86ad-2f04c7e68866>
65,<urn:uuid:e8366689-794a-440c-8ea5-1ff9c3b5c9fc>,<urn:uuid:7ffebe16-c06d-4783-bcca-cff33a58a90a>,<urn:uuid:53d507c3-f7c2-4157-a9a0-9b07fc104709>,<urn:uuid:5bcb0076-10dc-49b7-8d16-194e7e39315a>,<urn:uuid:e6fe9e02-a438-4b02-a46c-35de58b1169a>
66,<urn:uuid:9c8e954a-a9af-40b3-abc4-b8d149a16d39>,<urn:uuid:9c8e954a-a9af-40b3-abc4-b8d149a16d39>,<urn:uuid:34850146-ec74-43a7-aec6-38fb14b423bd>,<urn:uuid:0f3d4ad0-77d6-40ba-a5f2-e5173a05fc9e>,<urn:uuid:09c6a0ef-464b-454f-8dc9-f4c62fd515f6>
67,<urn:uuid:778e69e2-32b1-492e-abb5-2ecc8198fbbb>,<urn:uuid:cbc45080-3818-43b6-8d45-d26c9b0ce231>,<urn:uuid:b27ac209-40d4-4039-8b04-8eaed31274c4>,<urn:uuid:9e141a4f-572f-4b03-9c21-048cc99dbf26>,<urn:uuid:0cee5102-6622-4d3b-a733-874c54a23ef3>
68,<urn:uuid:390b291e-7ad6-4a6f-886f-0918685ae95a>,<urn:uuid:390b291e-7ad6-4a6f-886f-0918685ae95a>,<urn:uuid:1a9c545e-40ac-4658-aed8-576ed04578af>,<urn:uuid:0017d27a-bc41-48c7-8d96-0a954dbc6a71>,<urn:uuid:da05571f-fc4e-49d4-86a4-a1e3517a0cbd>
69,<urn:uuid:88f1ab84-ac6b-4f43-8bea-62f9d9884465>,<urn:uuid:88f1ab84-ac6b-4f43-8bea-62f9d9884465>,<urn:uuid:f1506dee-093a-49b4-8deb-2627bdafd5f9>,<urn:uuid:6d427c54-037f-4f82-8847-90e536c1dc7c>,<urn:uuid:ee1c9d5a-aee9-4930-9efb-4cc3315995af>
70,<urn:uuid:338d49ba-4d0f-4ecc-8f20-a8534eeb09ce>,<urn:uuid:338d49ba-4d0f-4ecc-8f20-a8534eeb09ce>,<urn:uuid:20a5e617-a001-43a4-a434-53dcafae6468>,<urn:uuid:27cb0d3c-042e-4f2d-8531-6ff966e92343>,<urn:uuid:be9ad6ab-adbb-4cf1-bce8-d6b759375a70>
71,<urn:uuid:0dd6b3b9-adb7-4e60-b5a5-315da13a02e0>,<urn:uuid:0dd6b3b9-adb7-4e60-b5a5-315da13a02e0>,<urn:uuid:db5835e3-82e0-4cf7-b4ef-071dc7f9bf0b>,<urn:uuid:a6ce6962-4434-4238-b3c3-62b5b1051c34>,<urn:uuid:79e5cce9-0ccd-428e-bffe-2240bed6e997>
72,<urn:uuid:67b71825-b15b-4e3a-9061-852439ddab66>,<urn:uuid:67b71825-b15b-4e3a-9061-852439ddab66>,<urn:uuid:41183e6a-f3c2-4ff3-8e49-9a53b9c2365c>,<urn:uuid:26d98921-b464-4012-bfa8-c31ac34cc906>,<urn:uuid:a99e16b9-bb14-4f1b-968e-7e893b6ea578>
73,<urn:uuid:22b27f1c-f3e7-4629-b6a5-dda7fe40f3e0>,<urn:uuid:22b27f1c-f3e7-4629-b6a5-dda7fe40f3e0>,<urn:uuid:6d5110ad-d661-41e6-9efe-4891031cbb37>,<urn:uuid:2239f084-5a78-419f-83e2-f2a3903b00a5>,<urn:uuid:78e01bfd-f680-4db3-bd89-8f66a93fea88>
74,<urn:uuid:419b5734-5f65-4cc0-956d-43a6762b88dd>,<urn:uuid:419b5734-5f65-4cc0-956d-43a6762b88dd>,<urn:uuid:4648fddd-4625-47a8-a524-31a8edbe9244>,<urn:uuid:84445423-21d0-408e-afa0-8fc0cee40d54>,<urn:uuid:3858a57d-1fdd-4d57-8a84-fc51d0fb40b1>
75,<urn:uuid:9aae735f-608d-4654-b7db-2c101e5ea09b>,<urn:uuid:deafac80-9ae7-4674-9963-740f86ede8de>,<urn:uuid:f4f1449b-2f54-4ae7-836c-198852ff9a8e>,<urn:uuid:790b23e1-bb06-4c74-a461-14a13bac7022>,<urn:uuid:b902fbc3-ed0d-4476-9afe-dbb5c9eeb65a>
76,<urn:uuid:31b350ac-618f-4bac-a377-0c4cae0f45fa>,<urn:uuid:31b350ac-618f-4bac-a377-0c4cae0f45fa>,<urn:uuid:969973e2-30db-4284-ba29-214a38330397>,<urn:uuid:011ec9a9-a91b-42b9-bdab-e59200890b1e>,<urn:uuid:46964b3c-df50-4a66-8fd5-bee01e5f96f9>
77,<urn:uuid:c739ed6b-336d-47f1-a94a-14c8e462166f>,<urn:uuid:c739ed6b-336d-47f1-a94a-14c8e462166f>,<urn:uuid:a102a6cb-a608-493c-928f-d32a0da4dbf6>,<urn:uuid:3c3a9e07-5ad2-422e-a827-1ccd2c8b70f6>,<urn:uuid:f7fec4ae-7250-4284-9612-800a389ed2c6>
78,<urn:uuid:67f7bbf2-c421-4c20-bbf7-e9839d1fe25c>,<urn:uuid:67f7bbf2-c421-4c20-bbf7-e9839d1fe25c>,<urn:uuid:ad118918-053b-4363-8ffd-5b04c8115ffd>,<urn:uuid:af48b556-3c27-4289-97fe-99de7f8acb96>,<urn:uuid:8ed08128-44b7-4def-b605-1e155c4ae1f8>
79,<urn:uuid:b71548a9-7676-4547-82a9-4ea6d1a91415>,<urn:uuid:b71548a9-7676-4547-82a9-4ea6d1a91415>,<urn:uuid:9fd458c9-06d9-43cb-9638-5f33773cfcf0>,<urn:uuid:59112fa2-d5e4-411c-adb0-b3429470125d>,<urn:uuid:732f1c66-24c3-45be-b2b8-adf8b387e6a1>
80,<urn:uuid:f6c54db0-b37f-4bfa-82b9-f1870a99d55c>,<urn:uuid:fa2a661c-48a7-4b03-a09f-494f5b1eae99>,<urn:uuid:0b6258c3-fa05-483f-af91-cf208f0c07e3>,<urn:uuid:024101e8-1cea-44b6-8562-f5708fad3974>,<urn:uuid:f11de6e1-c12d-4439-8983-352c705a9aad>
81,<urn:uuid:65c61e1e-b8b6-4b64-a2b7-31f58202b66a>,<urn:uuid:65c61e1e-b8b6-4b64-a2b7-31f58202b66a>,<urn:uuid:b879f618-c2b9-4add-ac3b-1228379d1374>,<urn:uuid:54c8435e-2fe9-448c-aec7-1099709943d3>,<urn:uuid:db3f649b-0f33-4b6b-9621-4333e4d26873>
82,<urn:uuid:82543037-818c-4120-b4e9-122ca613d932>,<urn:uuid:82543037-818c-4120-b4e9-122ca613d932>,<urn:uuid:ee1c9d5a-aee9-4930-9efb-4cc3315995af>,<urn:uuid:a80a6c20-a8f0-4193-bb25-0528cc7df399>,<urn:uuid:984a42a2-3e6b-4d39-83ce-5856bb0d0d29>
83,<urn:uuid:5b4164ab-8d9b-47b8-b97e-fbdf93713be5>,<urn:uuid:5b4164ab-8d9b-47b8-b97e-fbdf93713be5>,<urn:uuid:47b699f7-0565-4c88-acd7-705f49af67f6>,<urn:uuid:21ad2b1a-fa50-43fa-9097-66b7f91f7dff>,<urn:uuid:a699ee2a-eecf-4955-a649-5456f176b630>
84,<urn:uuid:931cd5e1-5993-43ce-9113-cc5630c66b66>,<urn:uuid:931cd5e1-5993-43ce-9113-cc5630c66b66>,<urn:uuid:11e6cb8a-aada-49a5-a372-d5646cb6f027>,<urn:uuid:e997a2ee-c34b-40f7-82ad-480e2706796d>,<urn:uuid:c8652b24-23e6-4bcc-8544-0eed908ba8ab>
85,<urn:uuid:56ac4dd1-8434-4de6-bc4b-e2cb916b9cb2>,<urn:uuid:56ac4dd1-8434-4de6-bc4b-e2cb916b9cb2>,<urn:uuid:0cee5102-6622-4d3b-a733-874c54a23ef3>,<urn:uuid:0d5422f6-604c-442c-bf03-999bd6c409ce>,<urn:uuid:fd3855c3-deb6-446a-8d39-67cac5ff4836>
86,<urn:uuid:cbffdff8-2e22-4958-bc65-ff398b0ff66e>,<urn:uuid:cbffdff8-2e22-4958-bc65-ff398b0ff66e>,<urn:uuid:ff3eb092-6aea-457d-97c0-e1627effa797>,<urn:uuid:60fb7104-40c1-4dee-ace6-bc68f27db5b5>,<urn:uuid:790b23e1-bb06-4c74-a461-14a13bac7022>
87,<urn:uuid:52710c22-08ca-46f2-92d6-e8b48696ae89>,<urn:uuid:52710c22-08ca-46f2-92d6-e8b48696ae89>,<urn:uuid:23cb8492-bd02-41b7-8519-5ab4a02d6c0c>,<urn:uuid:d65c285d-e090-49b8-8694-dc9f91b2a708>,<urn:uuid:69e62ade-c4c7-49da-a276-f3980cfb0ef8>
88,<urn:uuid:15149365-fc2d-4e05-81cc-9bda65b1400c>,<urn:uuid:15149365-fc2d-4e05-81cc-9bda65b1400c>,<urn:uuid:984a42a2-3e6b-4d39-83ce-5856bb0d0d29>,<urn:uuid:6355eb03-9d78-4c03-82fd-f913ffd3ba32>,<urn:uuid:25dc5bba-798f-4f08-ace4-ddda3014810d>
89,<urn:uuid:64d15139-e61c-424e-bd63-654eb3629161>,<urn:uuid:64d15139-e61c-424e-bd63-654eb3629161>,<urn:uuid:60ed65cf-6b2a-44be-a139-8de8a6aebc71>,<urn:uuid:059832e3-f4e9-4db9-9bef-a4e03aa838ca>,<urn:uuid:13c38411-12eb-470f-822f-c509ff0c0629>
90,<urn:uuid:878eb64d-f0e7-4979-a70d-dcde8a6fbf70>,<urn:uuid:878eb64d-f0e7-4979-a70d-dcde8a6fbf70>,<urn:uuid:a512ff92-05ad-4fc5-a8a4-29eb4dcaceda>,<urn:uuid:b9a30036-3f7c-49b8-8427-0956f8a27d63>,<urn:uuid:6d8f9419-f61e-4f91-9d84-602c52b6245c>
91,<urn:uuid:e2dc42cd-9747-429c-b534-ac2ed5d84b8f>,<urn:uuid:e2dc42cd-9747-429c-b534-ac2ed5d84b8f>,<urn:uuid:06d8ecec-7558-40d9-92bb-155b201c6840>,<urn:uuid:b8518fa7-47f9-4924-bb5c-d471d7f8e1b1>,<urn:uuid:2c8f4b6d-e860-4e8c-9843-19cf1089bcd2>
92,<urn:uuid:8ec26c82-4d4c-4771-a4cd-af61e07bb9b1>,<urn:uuid:8ec26c82-4d4c-4771-a4cd-af61e07bb9b1>,<urn:uuid:969973e2-30db-4284-ba29-214a38330397>,<urn:uuid:fd8abdde-7ec5-4748-8660-c01243a82990>,<urn:uuid:84445423-21d0-408e-afa0-8fc0cee40d54>
93,<urn:uuid:4a2f0023-473d-4fe2-ab54-dd9dc604aa14>,<urn:uuid:4a2f0023-473d-4fe2-ab54-dd9dc604aa14>,<urn:uuid:a102a6cb-a608-493c-928f-d32a0da4dbf6>,<urn:uuid:3025e981-15dc-4a5f-8234-89f5575cb93f>,<urn:uuid:d2edd676-d96b-4e95-a90f-bf5a7c50f6b9>
94,<urn:uuid:8fa1785b-cc77-4434-a30a-66f84a372441>,<urn:uuid:8fa1785b-cc77-4434-a30a-66f84a372441>,<urn:uuid:a7e6624f-96a7-4fbf-8cb0-a989c378cd36>,<urn:uuid:abd1778d-9ce8-443b-a8e7-ee459d71c85a>,<urn:uuid:8c5a13a6-de84-43df-8952-e39e5e94f650>
95,<urn:uuid:a0797c56-a375-429c-9913-183b3aacd51d>,<urn:uuid:a0797c56-a375-429c-9913-183b3aacd51d>,<urn:uuid:ec44cd3d-348e-4187-b037-9ebc01c9653a>,<urn:uuid:17351c40-b1b2-4790-a880-a3be23648f75>,<urn:uuid:69e62ade-c4c7-49da-a276-f3980cfb0ef8>
96,<urn:uuid:64a71519-9340-4bac-acd2-343fc6050c32>,<urn:uuid:64a71519-9340-4bac-acd2-343fc6050c32>,<urn:uuid:44196a89-a55c-4dd4-8aea-77305b70bbbc>,<urn:uuid:0c070a31-b372-417f-8b31-da4866ae2e0f>,<urn:uuid:9d2b8661-0685-4217-8909-70cfdd3f9fd2>
97,<urn:uuid:6a899a86-30bd-4f51-852b-937e09cf9a9f>,<urn:uuid:7176e405-d655-4769-ae29-73f31efcac72>,<urn:uuid:ab89cf82-4e97-4b48-b114-8d9ec99b673b>,<urn:uuid:60ed65cf-6b2a-44be-a139-8de8a6aebc71>,<urn:uuid:7763daf9-16ee-4758-b18f-d46000cef8b4>
98,<urn:uuid:9e453f62-d42b-4982-8768-20b7adba1fad>,<urn:uuid:9e453f62-d42b-4982-8768-20b7adba1fad>,<urn:uuid:4dbc737c-7914-486b-a3d2-249babf4d9ef>,<urn:uuid:6355eb03-9d78-4c03-82fd-f913ffd3ba32>,<urn:uuid:f7fec4ae-7250-4284-9612-800a389ed2c6>
99,<urn:uuid:05dc7140-9baf-4d96-8004-2710c95a7fe5>,<urn:uuid:05dc7140-9baf-4d96-8004-2710c95a7fe5>,<urn:uuid:a3a875e2-30e0-4f04-ae40-5f7510a79f2f>,<urn:uuid:92e076f7-da76-4b86-b76c-44c756a3e2b1>,<urn:uuid:c2f00533-78ee-4b29-8c7f-7fda3660dbd9>
100,<urn:uuid:23eacc15-895b-4ae6-ad2c-e679f20a7839>,<urn:uuid:2d487b9f-f990-4a40-90b8-938470a2f0e6>,<urn:uuid:1ddee2ef-6bc3-47ce-82a2-bda9d0e0b70a>,<urn:uuid:23eacc15-895b-4ae6-ad2c-e679f20a7839>,<urn:uuid:1b5e4271-0369-4c27-9709-03a14714d0a7>
101,<urn:uuid:9a0bfc7e-efc1-48be-827c-c130a979e4a3>,<urn:uuid:9a0bfc7e-efc1-48be-827c-c130a979e4a3>,<urn:uuid:f8809a25-0cea-423e-96f8-ac4fea52e9c7>,<urn:uuid:3025e981-15dc-4a5f-8234-89f5575cb93f>,<urn:uuid:0cca6048-a333-46db-8414-2573b5f285b4>
102,<urn:uuid:0367ee6f-34da-4218-b763-a8759741854a>,<urn:uuid:0367ee6f-34da-4218-b763-a8759741854a>,<urn:uuid:46964b3c-df50-4a66-8fd5-bee01e5f96f9>,<urn:uuid:9a1fb378-cdfe-4651-9f01-a38e02ae6cb3>,<urn:uuid:6d427c54-037f-4f82-8847-90e536c1dc7c>
103,<urn:uuid:37836078-f50b-40fe-ae8a-79bc69813843>,<urn:uuid:37836078-f50b-40fe-ae8a-79bc69813843>,<urn:uuid:9300ee37-4872-450a-8186-2775a8491b88>,<urn:uuid:2a9f5e96-8f1f-43cc-b035-9399cbf8e3bf>,<urn:uuid:69e31766-f4d2-4d53-ba0d-9f61efd4c4a0>
104,<urn:uuid:e37e8187-c904-4ec2-83f0-05efce0121ce>,<urn:uuid:e37e8187-c904-4ec2-83f0-05efce0121ce>,<urn:uuid:14e7fb43-328c-4b9c-b400-2b74eba27276>,<urn:uuid:b1299808-8154-4658-bb0d-b86e3a0d803d>,<urn:uuid:431c112e-af46-4b16-8fe5-a384fa02260b>
105,<urn:uuid:07d1bc02-106b-4eae-b449-23970818af5c>,<urn:uuid:07d1bc02-106b-4eae-b449-23970818af5c>,<urn:uuid:1bc9c986-8a90-4a07-844e-eb0333f2bbfe>,<urn:uuid:2239f084-5a78-419f-83e2-f2a3903b00a5>,<urn:uuid:719b9fbf-dad0-4efb-95fc-e1c84651adb5>
106,<urn:uuid:059832e3-f4e9-4db9-9bef-a4e03aa838ca>,<urn:uuid:059832e3-f4e9-4db9-9bef-a4e03aa838ca>,<urn:uuid:ad118918-053b-4363-8ffd-5b04c8115ffd>,<urn:uuid:aa5fe3d5-eeb5-4986-965c-31b47ad194b8>,<urn:uuid:03ea49e4-f6b0-430c-b68d-2f35cb206eea>
107,<urn:uuid:b92929a3-2666-4ac3-b70f-4133b4c3439c>,<urn:uuid:b92929a3-2666-4ac3-b70f-4133b4c3439c>,<urn:uuid:da05571f-fc4e-49d4-86a4-a1e3517a0cbd>,<urn:uuid:b27e5516-d6fe-4b2b-91ba-70babd6754f9>,<urn:uuid:0367ee6f-34da-4218-b763-a8759741854a>
108,<urn:uuid:a1dad031-0ca1-42d6-8d15-49e37a103946>,<urn:uuid:a1dad031-0ca1-42d6-8d15-49e37a103946>,<urn:uuid:508996e1-eaef-4bb4-b6d2-272ca669de90>,<urn:uuid:5bcb0076-10dc-49b7-8d16-194e7e39315a>,<urn:uuid:529877e9-064b-48ec-ab23-aac8cb3501f2>
109,<urn:uuid:cba086c8-1ed4-4d28-8f96-5fd40e33bce6>,<urn:uuid:cba086c8-1ed4-4d28-8f96-5fd40e33bce6>,<urn:uuid:431c112e-af46-4b16-8fe5-a384fa02260b>,<urn:uuid:6d8f9419-f61e-4f91-9d84-602c52b6245c>,<urn:uuid:9e453f62-d42b-4982-8768-20b7adba1fad>
110,<urn:uuid:3c3a9e07-5ad2-422e-a827-1ccd2c8b70f6>,<urn:uuid:3c3a9e07-5ad2-422e-a827-1ccd2c8b70f6>,<urn:uuid:93add79e-45f7-4a8e-bcf6-e992d1cd25f9>,<urn:uuid:fe9aae1d-c19a-4806-91a0-65191e40b472>,<urn:uuid:b27ac209-40d4-4039-8b04-8eaed31274c4>
111,<urn:uuid:2d0c6175-cad6-44a8-8900-d701106febd9>,<urn:uuid:9df1645e-07d4-4c28-b0cc-efe173fb9ff1>,<urn:uuid:0af2f69b-7861-455b-9fc9-6a25d394b1f1>,<urn:uuid:c69bcacb-a2a8-4056-8cca-8bde8e233807>,<urn:uuid:6355eb03-9d78-4c03-82fd-f913ffd3ba32>
112,<urn:uuid:f7296b61-b59f-45ca-b0ce-70e136421f53>,<urn:uuid:2a9f5e96-8f1f-43cc-b035-9399cbf8e3bf>,<urn:uuid:f7296b61-b59f-45ca-b0ce-70e136421f53>,<urn:uuid:de772f07-a3f9-4d9e-9df6-8112ab6421ea>,<urn:uuid:6e2f6dc8-9bb2-4089-bc6c-b4fe9d071b2b>
113,<urn:uuid:ee319f76-e495-4a7a-95c1-1f39bb48f783>,<urn:uuid:ee319f76-e495-4a7a-95c1-1f39bb48f783>,<urn:uuid:59112fa2-d5e4-411c-adb0-b3429470125d>,<urn:uuid:003bae50-9c19-4b36-be6f-6e9c60def0b7>,<urn:uuid:11d45db7-4698-433d-ac97-b1b4c469678a>
114,<urn:uuid:d872030c-6690-419c-a0c6-df9a2acaf9db>,<urn:uuid:d872030c-6690-419c-a0c6-df9a2acaf9db>,<urn:uuid:2648db63-d6da-4b2f-8f87-0720d996681e>,<urn:uuid:6ebe69ab-fd3f-48d6-88f5-6c90df2e8803>,<urn:uuid:419415f1-4c2b-44f7-8260-f71edfef2bf0>
115,<urn:uuid:6c69eb5f-4049-4c40-bcb8-08f3bdd10945>,<urn:uuid:80b0b672-e885-442d-ad2c-9fc8d493e9ba>,<urn:uuid:6c69eb5f-4049-4c40-bcb8-08f3bdd10945>,<urn:uuid:54e3f565-64ae-49cd-9a03-8b3423a479b9>,<urn:uuid:84445423-21d0-408e-afa0-8fc0cee40d54>
116,<urn:uuid:549183d0-2689-4c76-b903-78d7bfd334a3>,<urn:uuid:549183d0-2689-4c76-b903-78d7bfd334a3>,<urn:uuid:9237fdff-408a-4603-a4d1-c8189a6506c7>,<urn:uuid:7ee57d9c-4e24-47d1-89a1-5eb49b937e90>,<urn:uuid:774e307b-69b0-4977-84d6-0a1f32891cf8>
117,<urn:uuid:014df86d-7e04-4167-933e-3483c100a29a>,<urn:uuid:014df86d-7e04-4167-933e-3483c100a29a>,<urn:uuid:690460dc-3a7d-4e44-9b39-5ca3fb138e08>,<urn:uuid:cac2b264-fbc1-4ef6-b3d3-9f98f58a1049>,<urn:uuid:db6a1d04-32b2-4dd8-ae40-c29441ee847f>
118,<urn:uuid:9bf0f51c-b693-4840-88eb-7772888bba75>,<urn:uuid:85580cec-4569-4534-966f-4283d2d98ae2>,<urn:uuid:9bf0f51c-b693-4840-88eb-7772888bba75>,<urn:uuid:3d21b5ee-5cbb-45e4-92f9-a1c6f2d09a5a>,<urn:uuid:4648fddd-4625-47a8-a524-31a8edbe9244>
119,<urn:uuid:05f17a32-8403-4dda-bab5-9620ed60629c>,<urn:uuid:05f17a32-8403-4dda-bab5-9620ed60629c>,<urn:uuid:9c46d53e-8b52-4d9f-8498-ed0639f71f42>,<urn:uuid:ce8cd3e5-aea9-4adb-9e2f-da773fb703a2>,<urn:uuid:a73baf85-7562-41b8-b377-4e3a9f5cff37>
120,<urn:uuid:9a1fb378-cdfe-4651-9f01-a38e02ae6cb3>,<urn:uuid:9a1fb378-cdfe-4651-9f01-a38e02ae6cb3>,<urn:uuid:71f22731-906e-4f77-a463-69342c687e79>,<urn:uuid:f7fec4ae-7250-4284-9612-800a389ed2c6>,<urn:uuid:b27e5516-d6fe-4b2b-91ba-70babd6754f9>
121,<urn:uuid:69e31766-f4d2-4d53-ba0d-9f61efd4c4a0>,<urn:uuid:69e31766-f4d2-4d53-ba0d-9f61efd4c4a0>,<urn:uuid:39219d53-bcbe-440e-99b1-3d59f6a34cea>,<urn:uuid:9aca21e9-6a1e-4050-8cbe-9a5a542fee06>,<urn:uuid:f56d1d81-a2d7-4352-8f5e-9ceaecd700df>
122,<urn:uuid:f09cbd6c-f24f-421e-93bf-1846ef60063a>,<urn:uuid:f09cbd6c-f24f-421e-93bf-1846ef60063a>,<urn:uuid:30e75634-3936-43b2-be9e-d8954cc333f3>,<urn:uuid:9aa655f5-715f-4e05-9a54-49d2919c60a6>,<urn:uuid:f6576e20-6b89-4a87-b4c8-3f0bb24e2d09>
123,<urn:uuid:ff068288-f710-42d6-b5fe-efcdbea18de3>,<urn:uuid:ff068288-f710-42d6-b5fe-efcdbea18de3>,<urn:uuid:d1afc577-44f3-449d-bf98-f6f23ed0f181>,<urn:uuid:7f176fbf-7b7d-4a6f-996e-f566fe3cbcca>,<urn:uuid:ab89cf82-4e97-4b48-b114-8d9ec99b673b>
124,<urn:uuid:644bba66-e5e1-49dd-981b-d893a6461cb7>,<urn:uuid:f936fb75-e4a1-49ae-86f0-e154554b3ab4>,<urn:uuid:6d8f9419-f61e-4f91-9d84-602c52b6245c>,<urn:uuid:0f7e368f-05fc-4bc8-8b22-b60e996e191f>,<urn:uuid:b9a30036-3f7c-49b8-8427-0956f8a27d63>
125,<urn:uuid:2243b59e-6673-490b-b0c2-94f04dfc9f32>,<urn:uuid:2243b59e-6673-490b-b0c2-94f04dfc9f32>,<urn:uuid:82d5dddc-4949-448a-87f0-7cc561e6a5c5>,<urn:uuid:2077be6c-8d82-4caa-a627-ced47c570ddc>,<urn:uuid:cb672a8f-eae8-4e2d-bd5d-64ac367889b5>
126,<urn:uuid:60fb7104-40c1-4dee-ace6-bc68f27db5b5>,<urn:uuid:60fb7104-40c1-4dee-ace6-bc68f27db5b5>,<urn:uuid:2d487b9f-f990-4a40-90b8-938470a2f0e6>,<urn:uuid:14e7fb43-328c-4b9c-b400-2b74eba27276>,<urn:uuid:d10fdb83-6493-4eb5-8d11-ca08930e30cf>
127,<urn:uuid:a7e6624f-96a7-4fbf-8cb0-a989c378cd36>,<urn:uuid:a7e6624f-96a7-4fbf-8cb0-a989c378cd36>,<urn:uuid:6b630505-9c4e-4974-907a-cfe00cc77876>,<urn:uuid:65b8829e-bba2-4b3b-8773-a85a7704dab8>,<urn:uuid:7e7a0732-91b5-4589-9074-962387a5ce5f>
128,<urn:uuid:20745c00-0d41-4543-8253-81ea1288e7c8>,<urn:uuid:a385aac1-a6d7-40dc-ae6e-3e585d1f5237>,<urn:uuid:dd6e9d09-74c4-4cff-af58-164997312dcd>,<urn:uuid:20745c00-0d41-4543-8253-81ea1288e7c8>,<urn:uuid:c5df55fd-1606-49bc-9bb2-892378170bb1>
129,<urn:uuid:7b25ac91-7f6b-4076-8c9a-56f8dc09076f>,<urn:uuid:7b25ac91-7f6b-4076-8c9a-56f8dc09076f>,<urn:uuid:b71548a9-7676-4547-82a9-4ea6d1a91415>,<urn:uuid:31cffbb1-a5a1-4389-a91a-2a813fb609ba>,<urn:uuid:4648fddd-4625-47a8-a524-31a8edbe9244>
130,<urn:uuid:c69bcacb-a2a8-4056-8cca-8bde8e233807>,<urn:uuid:c69bcacb-a2a8-4056-8cca-8bde8e233807>,<urn:uuid:969973e2-30db-4284-ba29-214a38330397>,<urn:uuid:879e28d5-00e2-4df7-b0e4-077d38688eed>,<urn:uuid:a503cfde-c577-407c-b1ac-21384e127b06>
131,<urn:uuid:cfdcf9e5-4600-47e6-8c87-dbb2e0021f03>,<urn:uuid:cfdcf9e5-4600-47e6-8c87-dbb2e0021f03>,<urn:uuid:e8366689-794a-440c-8ea5-1ff9c3b5c9fc>,<urn:uuid:e0c77f4a-b344-4d30-9bbe-41acd115f071>,<urn:uuid:57759fe5-39a3-4eb9-b16c-f00b3779c8b3>
132,<urn:uuid:86d85d35-40da-42f4-8b52-c1ab12da0c66>,<urn:uuid:86d85d35-40da-42f4-8b52-c1ab12da0c66>,<urn:uuid:87d4bb49-a431-4a1a-95ba-078d90f1b772>,<urn:uuid:43def4e6-6a7a-4991-9701-23c67485b060>,<urn:uuid:e5dcee7c-d28f-4e70-ae79-eea834ad2a59>
133,<urn:uuid:2adaa0b8-4fc2-430c-99ff-0de72788d10f>,<urn:uuid:6c046db2-53ef-4ec4-9ae0-5ec126130f89>,<urn:uuid:2adaa0b8-4fc2-430c-99ff-0de72788d10f>,<urn:uuid:79e5cce9-0ccd-428e-bffe-2240bed6e997>,<urn:uuid:46c4d410-ea0c-444e-a763-df75f89bf24f>
134,<urn:uuid:bb690f11-3494-420d-a756-23908d90619b>,<urn:uuid:bb690f11-3494-420d-a756-23908d90619b>,<urn:uuid:6d8f9419-f61e-4f91-9d84-602c52b6245c>,<urn:uuid:b71548a9-7676-4547-82a9-4ea6d1a91415>,<urn:uuid:2077be6c-8d82-4caa-a627-ced47c570ddc>
135,<urn:uuid:a50dae77-dd33-4f9e-8c1c-2af030a5a1e8>,<urn:uuid:a50dae77-dd33-4f9e-8c1c-2af030a5a1e8>,<urn:uuid:b6061d96-efd2-4428-9201-b7988cf37b4f>,<urn:uuid:e40267a1-a5fb-41ed-9441-ecdc918b7e5d>,<urn:uuid:58e434d6-36d1-4f0f-95ea-0b8bb3fea99b>
136,<urn:uuid:f61dc61d-4b9c-434e-8597-cd540b164004>,<urn:uuid:f61dc61d-4b9c-434e-8597-cd540b164004>,<urn:uuid:11ae8d96-500a-4c2d-8e4c-55bdb9c9f0fc>,<urn:uuid:fe9aae1d-c19a-4806-91a0-65191e40b472>,<urn:uuid:46913150-7e2f-46d7-98c5-3e147e7952c9>
137,<urn:uuid:83ba4f3d-43cd-4f87-ac06-4c6a555f32f3>,<urn:uuid:83ba4f3d-43cd-4f87-ac06-4c6a555f32f3>,<urn:uuid:afa814c7-314d-4c61-9f26-1913a9080ae7>,<urn:uuid:6d8f9419-f61e-4f91-9d84-602c52b6245c>,<urn:uuid:8e056e67-7cff-4688-8f3d-ec057178200a>
138,<urn:uuid:d4f0dbad-dcbe-49cc-8627-00e960c5606a>,<urn:uuid:b442c8f7-324e-4fd0-a3a4-ac21a43c3ede>,<urn:uuid:bf48773d-3366-4e64-9678-32571c52e82a>,<urn:uuid:59112fa2-d5e4-411c-adb0-b3429470125d>,<urn:uuid:92e076f7-da76-4b86-b76c-44c756a3e2b1>
139,<urn:uuid:da5fbfbc-693b-4063-870f-341601d3c77c>,<urn:uuid:da5fbfbc-693b-4063-870f-341601d3c77c>,<urn:uuid:c8b3fc13-2f69-4759-b786-46e1840bd8e4>,<urn:uuid:6c6e78b2-8fed-4796-afa2-93bb92d47fd0>,<urn:uuid:08200fb3-a042-4803-ae99-ee5b629b3722>
140,<urn:uuid:ab472d33-6267-4883-8a9d-92b3f3fcbc8a>,<urn:uuid:ab472d33-6267-4883-8a9d-92b3f3fcbc8a>,<urn:uuid:f47b8593-1595-4088-8253-ebc8017513de>,<urn:uuid:b6061d96-efd2-4428-9201-b7988cf37b4f>,<urn:uuid:cfdcf9e5-4600-47e6-8c87-dbb2e0021f03>
141,<urn:uuid:e40267a1-a5fb-41ed-9441-ecdc918b7e5d>,<urn:uuid:e40267a1-a5fb-41ed-9441-ecdc918b7e5d>,<urn:uuid:064777e4-515b-4f43-80f9-ad16537b1ff4>,<urn:uuid:4f804747-0cb9-4228-b2a0-37cc80a0f2eb>,<urn:uuid:e37e8187-c904-4ec2-83f0-05efce0121ce>
142,<urn:uuid:7326cf69-cde1-45db-b87f-231b48f040bf>,<urn:uuid:7326cf69-cde1-45db-b87f-231b48f040bf>,<urn:uuid:9fd458c9-06d9-43cb-9638-5f33773cfcf0>,<urn:uuid:6d8f9419-f61e-4f91-9d84-602c52b6245c>,<urn:uuid:cbc45080-3818-43b6-8d45-d26c9b0ce231>
143,<urn:uuid:e8f79e7f-6d77-4de3-a284-418937a87cf4>,<urn:uuid:e8f79e7f-6d77-4de3-a284-418937a87cf4>,<urn:uuid:7fbcb38a-b418-4b23-8793-fb956b102d5e>,<urn:uuid:e0e4fcda-cab8-454c-93ba-472547376599>,<urn:uuid:1fe9dd59-538f-4853-a1d9-08bf5b519e4a>
144,<urn:uuid:06d8ecec-7558-40d9-92bb-155b201c6840>,<urn:uuid:06d8ecec-7558-40d9-92bb-155b201c6840>,<urn:uuid:9aca21e9-6a1e-4050-8cbe-9a5a542fee06>,<urn:uuid:c8b3fc13-2f69-4759-b786-46e1840bd8e4>,<urn:uuid:2bf1c55e-99f5-4089-a838-9284e0715c11>
145,<urn:uuid:cd0069d0-3694-4719-b50b-89faf4eeb500>,<urn:uuid:cd0069d0-3694-4719-b50b-89faf4eeb500>,<urn:uuid:e80d017a-95cb-4a13-b9bb-6c878cbf9836>,<urn:uuid:92e076f7-da76-4b86-b76c-44c756a3e2b1>,<urn:uuid:7760a6d2-db2c-4946-aaea-c80c45511c22>
146,<urn:uuid:51f7b5d5-6b0a-484a-a9ff-12f30ff6779f>,<urn:uuid:51f7b5d5-6b0a-484a-a9ff-12f30ff6779f>,<urn:uuid:64d15139-e61c-424e-bd63-654eb3629161>,<urn:uuid:b27ac209-40d4-4039-8b04-8eaed31274c4>,<urn:uuid:b85043d7-7741-41f1-a671-c86193a1da07>
147,<urn:uuid:e0e4fcda-cab8-454c-93ba-472547376599>,<urn:uuid:e0e4fcda-cab8-454c-93ba-472547376599>,<urn:uuid:da5fbfbc-693b-4063-870f-341601d3c77c>,<urn:uuid:879e28d5-00e2-4df7-b0e4-077d38688eed>,<urn:uuid:9600e10a-b872-4740-bf42-c064963b4e1b>
148,<urn:uuid:ec44cd3d-348e-4187-b037-9ebc01c9653a>,<urn:uuid:ec44cd3d-348e-4187-b037-9ebc01c9653a>,<urn:uuid:6f20a64f-0b01-458c-b2c2-bcd87e04d52f>,<urn:uuid:543717dc-9031-44ce-a5f5-1aa3b0d7b11c>,<urn:uuid:10027ff6-f184-45dc-b6c4-7885d95672ef>
149,<urn:uuid:63251731-1ac6-4d8e-b536-c6f3d9539005>,<urn:uuid:63251731-1ac6-4d8e-b536-c6f3d9539005>,<urn:uuid:20745c00-0d41-4543-8253-81ea1288e7c8>,<urn:uuid:bc7f40c7-9498-47df-9f0b-cb8c1ce6227f>,<urn:uuid:21ad2b1a-fa50-43fa-9097-66b7f91f7dff>
150,<urn:uuid:95822e7b-c1be-482d-9837-32ad1f02cc2e>,<urn:uuid:95822e7b-c1be-482d-9837-32ad1f02cc2e>,<urn:uuid:508996e1-eaef-4bb4-b6d2-272ca669de90>,<urn:uuid:094f766a-7d20-4cc4-8266-42db996ee30d>,<urn:uuid:b9a30036-3f7c-49b8-8427-0956f8a27d63>
151,<urn:uuid:89ad995d-e22a-4481-8a2a-83affe6ca2c3>,<urn:uuid:89ad995d-e22a-4481-8a2a-83affe6ca2c3>,<urn:uuid:b32dcda8-bd61-4aad-8f47-ec78e594b4c8>,<urn:uuid:78b9673a-ee73-4ac7-98ba-2b0f61f668a1>,<urn:uuid:cba086c8-1ed4-4d28-8f96-5fd40e33bce6>
152,<urn:uuid:dc2a1c36-cf7a-4f99-b21b-240694f91c2b>,<urn:uuid:dc2a1c36-cf7a-4f99-b21b-240694f91c2b>,<urn:uuid:bccf47a7-4f0b-4e1d-9533-a7c94dd56fe2>,<urn:uuid:7176e405-d655-4769-ae29-73f31efcac72>,<urn:uuid:34850146-ec74-43a7-aec6-38fb14b423bd>
153,<urn:uuid:a3a875e2-30e0-4f04-ae40-5f7510a79f2f>,<urn:uuid:a3a875e2-30e0-4f04-ae40-5f7510a79f2f>,<urn:uuid:1be51bed-e361-4644-a215-539f23ba02e5>,<urn:uuid:a3229ee2-39a2-4581-bda3-dad71a9a5239>,<urn:uuid:3d21b5ee-5cbb-45e4-92f9-a1c6f2d09a5a>
154,<urn:uuid:5707abfd-4c7d-4c1e-bac0-cd4824bb6b1b>,<urn:uuid:5707abfd-4c7d-4c1e-bac0-cd4824bb6b1b>,<urn:uuid:60ed65cf-6b2a-44be-a139-8de8a6aebc71>,<urn:uuid:698b5e61-fc66-4d0d-90d7-a5dab9555dee>,<urn:uuid:529877e9-064b-48ec-ab23-aac8cb3501f2>
155,<urn:uuid:77cabf9d-0fe6-4891-a21f-60556c0428df>,<urn:uuid:77cabf9d-0fe6-4891-a21f-60556c0428df>,<urn:uuid:698b5e61-fc66-4d0d-90d7-a5dab9555dee>,<urn:uuid:732f1c66-24c3-45be-b2b8-adf8b387e6a1>,<urn:uuid:afa814c7-314d-4c61-9f26-1913a9080ae7>
156,<urn:uuid:15fe7c56-5100-46b1-be80-1344b2214c8c>,<urn:uuid:15fe7c56-5100-46b1-be80-1344b2214c8c>,<urn:uuid:23cb8492-bd02-41b7-8519-5ab4a02d6c0c>,<urn:uuid:b08ba79d-212a-4c31-abc2-4b37382a413a>,<urn:uuid:f63777c6-8612-4ae2-ba24-8fbbfc0c55ef>
157,<urn:uuid:ba34ec92-ad20-4bb0-bb9d-a6b990da3fe3>,<urn:uuid:ba34ec92-ad20-4bb0-bb9d-a6b990da3fe3>,<urn:uuid:0f7e368f-05fc-4bc8-8b22-b60e996e191f>,<urn:uuid:0b6258c3-fa05-483f-af91-cf208f0c07e3>,<urn:uuid:f9fc71b3-795f-4865-baf1-c246bdd3b278>
158,<urn:uuid:e997a2ee-c34b-40f7-82ad-480e2706796d>,<urn:uuid:e997a2ee-c34b-40f7-82ad-480e2706796d>,<urn:uuid:1983be25-4f13-418c-a3dd-66379d5d2d64>,<urn:uuid:23eacc15-895b-4ae6-ad2c-e679f20a7839>,<urn:uuid:b8e00c9c-bfdc-4590-a278-02bdffb18a26>
159,<urn:uuid:4f804747-0cb9-4228-b2a0-37cc80a0f2eb>,<urn:uuid:1c743fe0-bbb4-4f3c-9083-24694f115509>,<urn:uuid:4f804747-0cb9-4228-b2a0-37cc80a0f2eb>,<urn:uuid:6dacc463-957a-466f-bfa9-3c4d7069b5ed>,<urn:uuid:21ad2b1a-fa50-43fa-9097-66b7f91f7dff>
160,<urn:uuid:f97b9495-35a5-44bb-a0b4-8abf12816ddc>,<urn:uuid:f97b9495-35a5-44bb-a0b4-8abf12816ddc>,<urn:uuid:e5c06a6d-e7c7-42c4-82ab-6f06f0971ea7>,<urn:uuid:3b10a642-c263-4d3f-9369-720d56b8b397>,<urn:uuid:650c023a-0279-49bf-9e1f-14c39d02dcb9>
161,<urn:uuid:d9608836-8c59-406c-953d-371ce215d88b>,<urn:uuid:d9608836-8c59-406c-953d-371ce215d88b>,<urn:uuid:8c5a13a6-de84-43df-8952-e39e5e94f650>,<urn:uuid:503e501d-cd62-4ff4-ac77-4fcf156718e6>,<urn:uuid:97f40d93-bec6-470d-baf9-7b1ac5b364ff>
162,<urn:uuid:c8fb2b6b-5911-498d-afac-9532e2751d1e>,<urn:uuid:c8fb2b6b-5911-498d-afac-9532e2751d1e>,<urn:uuid:10817716-9b2d-49f1-a38e-ec10ba80180f>,<urn:uuid:9f2eefaa-f63b-4179-bfbb-110f286cfb37>,<urn:uuid:ec77048a-b360-45e3-b68a-c48e8248d883>
163,<urn:uuid:a1b2421e-befa-45a6-9205-a46f2ed5aa63>,<urn:uuid:a1b2421e-befa-45a6-9205-a46f2ed5aa63>,<urn:uuid:4d088526-22ef-47be-bf28-34ebf8a063f3>,<urn:uuid:4648fddd-4625-47a8-a524-31a8edbe9244>,<urn:uuid:db3f649b-0f33-4b6b-9621-4333e4d26873>
164,<urn:uuid:a3229ee2-39a2-4581-bda3-dad71a9a5239>,<urn:uuid:a3229ee2-39a2-4581-bda3-dad71a9a5239>,<urn:uuid:1b647d68-8f7e-414b-a9e9-41aabe264131>,<urn:uuid:4648fddd-4625-47a8-a524-31a8edbe9244>,<urn:uuid:c1239047-2d99-458e-af8d-39b78ef6d9fc>
165,<urn:uuid:ab8d1454-cf7d-408e-8662-043460d7e503>,<urn:uuid:ab8d1454-cf7d-408e-8662-043460d7e503>,<urn:uuid:15dfc4b2-5a9b-4615-a25f-987b263355f1>,<urn:uuid:088063d3-be19-483e-a667-44acd487da88>,<urn:uuid:1bb23dee-86df-4ab1-9209-1be885d0b4e7>
166,<urn:uuid:899a755b-6307-4dd9-86ad-2f04c7e68866>,<urn:uuid:899a755b-6307-4dd9-86ad-2f04c7e68866>,<urn:uuid:e9394dbb-7d3d-46f9-a162-300a180cb89a>,<urn:uuid:1dccb5da-225d-4c3f-86c4-1b23355b6276>,<urn:uuid:969973e2-30db-4284-ba29-214a38330397>
167,<urn:uuid:05a62ba5-47cc-4e94-a9d1-4b3dab2f206a>,<urn:uuid:05a62ba5-47cc-4e94-a9d1-4b3dab2f206a>,<urn:uuid:37836078-f50b-40fe-ae8a-79bc69813843>,<urn:uuid:cfe2341d-5ce1-46ed-9c42-2b2c925e9b6c>,<urn:uuid:7e7a0732-91b5-4589-9074-962387a5ce5f>
168,<urn:uuid:b5bf230e-d8cd-4f4a-bbf3-87ac704a402b>,<urn:uuid:b5bf230e-d8cd-4f4a-bbf3-87ac704a402b>,<urn:uuid:177f1eef-c442-49d7-8a27-d3662e4479ae>,<urn:uuid:3858a57d-1fdd-4d57-8a84-fc51d0fb40b1>,<urn:uuid:011ec9a9-a91b-42b9-bdab-e59200890b1e>
169,<urn:uuid:24c04f51-0c80-4154-b9ef-b135c455a1b8>,<urn:uuid:9167c4dc-afb8-4911-a84f-40b2113e8a44>,<urn:uuid:24c04f51-0c80-4154-b9ef-b135c455a1b8>,<urn:uuid:ad6f1737-d53c-4a11-8a2d-7fee2f70adb9>,<urn:uuid:44350e1a-37d7-43a7-9e98-1cb587039c8c>
170,<urn:uuid:5a77bbeb-44e5-4649-90a3-9094d3f02eac>,<urn:uuid:09d7a279-5458-402a-8d31-18cb08bea5d3>,<urn:uuid:a6ce6962-4434-4238-b3c3-62b5b1051c34>,<urn:uuid:17e3480e-78bf-4e9d-bc4f-1dcaa6185e58>,<urn:uuid:8218f09f-c105-44be-b323-8009dc6263dd>
171,<urn:uuid:9600e10a-b872-4740-bf42-c064963b4e1b>,<urn:uuid:9600e10a-b872-4740-bf42-c064963b4e1b>,<urn:uuid:f72c3fcd-4653-4ac7-bbd5-3d858ff5d335>,<urn:uuid:0f3d4ad0-77d6-40ba-a5f2-e5173a05fc9e>,<urn:uuid:4145d52c-a593-437c-badc-9b3045652b62>
172,<urn:uuid:deafac80-9ae7-4674-9963-740f86ede8de>,<urn:uuid:deafac80-9ae7-4674-9963-740f86ede8de>,<urn:uuid:5ad556f6-4499-4ceb-8d7f-c95f04b906f7>,<urn:uuid:f7296b61-b59f-45ca-b0ce-70e136421f53>,<urn:uuid:bccf47a7-4f0b-4e1d-9533-a7c94dd56fe2>
173,<urn:uuid:b3b1b79f-40b2-4113-8917-ca39b8f19639>,<urn:uuid:b3b1b79f-40b2-4113-8917-ca39b8f19639>,<urn:uuid:6ebe69ab-fd3f-48d6-88f5-6c90df2e8803>,<urn:uuid:39e0156a-4ad5-4073-80f0-2882fb428f40>,<urn:uuid:a7452c4d-b1d2-4931-a246-37793a5d36e3>
174,<urn:uuid:c91c7e7b-2b15-428f-a000-00614759484d>,<urn:uuid:c91c7e7b-2b15-428f-a000-00614759484d>,<urn:uuid:a7e6624f-96a7-4fbf-8cb0-a989c378cd36>,<urn:uuid:0b5edab2-60a4-4c1f-9869-96c07e47a98e>,<urn:uuid:a102a6cb-a608-493c-928f-d32a0da4dbf6>
175,<urn:uuid:aa05b85c-6365-4dfb-b25a-4c7ef3623414>,<urn:uuid:aa05b85c-6365-4dfb-b25a-4c7ef3623414>,<urn:uuid:d3384eae-623e-44ae-af1e-7f894001ae05>,<urn:uuid:39219d53-bcbe-440e-99b1-3d59f6a34cea>,<urn:uuid:15dfc4b2-5a9b-4615-a25f-987b263355f1>
176,<urn:uuid:a3a65e76-f025-437e-a36e-ccaf51e8159e>,<urn:uuid:a3a65e76-f025-437e-a36e-ccaf51e8159e>,<urn:uuid:9fd458c9-06d9-43cb-9638-5f33773cfcf0>,<urn:uuid:a102ba3e-e41f-4b60-bc6e-838aa3601ab9>,<urn:uuid:a512ff92-05ad-4fc5-a8a4-29eb4dcaceda>
177,<urn:uuid:003bae50-9c19-4b36-be6f-6e9c60def0b7>,<urn:uuid:003bae50-9c19-4b36-be6f-6e9c60def0b7>,<urn:uuid:64d15139-e61c-424e-bd63-654eb3629161>,<urn:uuid:8fa1785b-cc77-4434-a30a-66f84a372441>,<urn:uuid:8c5a13a6-de84-43df-8952-e39e5e94f650>
178,<urn:uuid:ff126ef1-eb3d-4fe5-9821-39372bd7ab95>,<urn:uuid:ff126ef1-eb3d-4fe5-9821-39372bd7ab95>,<urn:uuid:ec3c1dca-145b-45a2-896c-b98bf84fe565>,<urn:uuid:480a882d-be85-4fd4-a251-3cece9e0fe22>,<urn:uuid:372adb37-f52c-43aa-89cb-afa675e8b9a6>
179,<urn:uuid:5ef0d5a3-cd43-4ead-a9a3-509490cebcdf>,<urn:uuid:5ef0d5a3-cd43-4ead-a9a3-509490cebcdf>,<urn:uuid:4648fddd-4625-47a8-a524-31a8edbe9244>,<urn:uuid:8a844a25-e837-46e5-ade0-f811e58d5ef7>,<urn:uuid:34850146-ec74-43a7-aec6-38fb14b423bd>
180,<urn:uuid:a503cfde-c577-407c-b1ac-21384e127b06>,<urn:uuid:a503cfde-c577-407c-b1ac-21384e127b06>,<urn:uuid:390b291e-7ad6-4a6f-886f-0918685ae95a>,<urn:uuid:8ac53201-f2b9-4af3-8dc8-247926a3b254>,<urn:uuid:d82eef60-b4ba-44ff-a858-dfe0f1714ee2>
181,<urn:uuid:a2fae3cd-dc56-48b9-a7e4-dd9216eea1b8>,<urn:uuid:a2fae3cd-dc56-48b9-a7e4-dd9216eea1b8>,<urn:uuid:d872030c-6690-419c-a0c6-df9a2acaf9db>,<urn:uuid:fb9bc7ac-c015-4da3-b93f-acca1075bf6d>,<urn:uuid:a512ff92-05ad-4fc5-a8a4-29eb4dcaceda>
182,<urn:uuid:011ec9a9-a91b-42b9-bdab-e59200890b1e>,<urn:uuid:1b647d68-8f7e-414b-a9e9-41aabe264131>,<urn:uuid:011ec9a9-a91b-42b9-bdab-e59200890b1e>,<urn:uuid:558e6e68-2bfd-4d43-bb52-e85cea04f55f>,<urn:uuid:3d21b5ee-5cbb-45e4-92f9-a1c6f2d09a5a>
183,<urn:uuid:9486e766-d44c-4c84-bc22-06ff857cac92>,<urn:uuid:9486e766-d44c-4c84-bc22-06ff857cac92>,<urn:uuid:98723742-0333-4ae6-b7ba-8bd92d4d8b88>,<urn:uuid:558e6e68-2bfd-4d43-bb52-e85cea04f55f>,<urn:uuid:732f1c66-24c3-45be-b2b8-adf8b387e6a1>
184,<urn:uuid:6333c19b-d762-4271-a9f5-c62c02fc2fca>,<urn:uuid:6333c19b-d762-4271-a9f5-c62c02fc2fca>,<urn:uuid:ba6f4998-2920-425e-9828-32274e25f5c1>,<urn:uuid:de772f07-a3f9-4d9e-9df6-8112ab6421ea>,<urn:uuid:3fa3afaa-83a6-44e4-bb24-1ddb7cac6f48>
185,<urn:uuid:1b647d68-8f7e-414b-a9e9-41aabe264131>,<urn:uuid:1b647d68-8f7e-414b-a9e9-41aabe264131>,<urn:uuid:77cabf9d-0fe6-4891-a21f-60556c0428df>,<urn:uuid:0560027a-6b45-460d-a1c1-7d2f3e62ef67>,<urn:uuid:b0ba1878-1b05-4e95-ba9f-304b1ee3a7e8>
186,<urn:uuid:fa0bc7d5-4afb-4fa6-be8f-b77a4371c936>,<urn:uuid:fa0bc7d5-4afb-4fa6-be8f-b77a4371c936>,<urn:uuid:f949f551-e27c-44db-9b21-0ef24e3392e0>,<urn:uuid:23eacc15-895b-4ae6-ad2c-e679f20a7839>,<urn:uuid:698b5e61-fc66-4d0d-90d7-a5dab9555dee>
187,<urn:uuid:5e1f0097-5f2b-4017-a829-7579027e7bd9>,<urn:uuid:5e1f0097-5f2b-4017-a829-7579027e7bd9>,<urn:uuid:6ebae4be-0735-4981-9f7d-c05c82961eb1>,<urn:uuid:879e28d5-00e2-4df7-b0e4-077d38688eed>,<urn:uuid:3c35180c-1e3b-4979-b2d2-a1e38b2cc3b7>
188,<urn:uuid:045b92cb-64d3-43b8-ba72-06b5ba435d02>,<urn:uuid:045b92cb-64d3-43b8-ba72-06b5ba435d02>,<urn:uuid:899a755b-6307-4dd9-86ad-2f04c7e68866>,<urn:uuid:a08f785c-0710-4429-bbcd-16a9ca812176>,<urn:uuid:df97e450-4ed9-4cf9-8a72-9fdc53e9d9a9>
189,<urn:uuid:652f0b80-455a-4e80-9d64-d4af594ba73c>,<urn:uuid:652f0b80-455a-4e80-9d64-d4af594ba73c>,<urn:uuid:614d5c1c-d102-4218-b1aa-555dd0091b66>,<urn:uuid:e5baa0f9-fba0-4401-b37f-f30a1ee7d8a5>,<urn:uuid:89ad995d-e22a-4481-8a2a-83affe6ca2c3>
190,<urn:uuid:54c8435e-2fe9-448c-aec7-1099709943d3>,<urn:uuid:54c8435e-2fe9-448c-aec7-1099709943d3>,<urn:uuid:806eb77f-bb77-4e96-a56d-d1fd91fd2f82>,<urn:uuid:46964b3c-df50-4a66-8fd5-bee01e5f96f9>,<urn:uuid:02a9d95b-e58d-403d-974e-94e4d27dc90d>
191,<urn:uuid:1889294b-ab42-4baa-ae90-c73ffc1a393f>,<urn:uuid:1889294b-ab42-4baa-ae90-c73ffc1a393f>,<urn:uuid:db5835e3-82e0-4cf7-b4ef-071dc7f9bf0b>,<urn:uuid:e54673bd-e859-4637-af9c-d24a6ee4dc12>,<urn:uuid:e3e7cb81-0879-4a99-bdb0-c3856dbae474>
192,<urn:uuid:039a8593-b3b8-4d7a-8f0c-31070bb8acc4>,<urn:uuid:039a8593-b3b8-4d7a-8f0c-31070bb8acc4>,<urn:uuid:a3229ee2-39a2-4581-bda3-dad71a9a5239>,<urn:uuid:a3a875e2-30e0-4f04-ae40-5f7510a79f2f>,<urn:uuid:55b8a973-6f29-4d48-9c58-c522c3ac9978>
193,<urn:uuid:e2fadfd2-eeb3-49bc-a37f-faaec1db8726>,<urn:uuid:e2fadfd2-eeb3-49bc-a37f-faaec1db8726>,<urn:uuid:6f20a64f-0b01-458c-b2c2-bcd87e04d52f>,<urn:uuid:558e6e68-2bfd-4d43-bb52-e85cea04f55f>,<urn:uuid:1a4946c4-7743-4e24-9de5-558b74c5ccc1>
194,<urn:uuid:f9bbdb66-fde4-492d-9c43-eb7f58962df3>,<urn:uuid:b27e5516-d6fe-4b2b-91ba-70babd6754f9>,<urn:uuid:f9bbdb66-fde4-492d-9c43-eb7f58962df3>,<urn:uuid:774e307b-69b0-4977-84d6-0a1f32891cf8>,<urn:uuid:97c14e87-ce5f-48d9-8a4d-53fae0b9c2b3>
195,<urn:uuid:08200fb3-a042-4803-ae99-ee5b629b3722>,<urn:uuid:08200fb3-a042-4803-ae99-ee5b629b3722>,<urn:uuid:7326cf69-cde1-45db-b87f-231b48f040bf>,<urn:uuid:064777e4-515b-4f43-80f9-ad16537b1ff4>,<urn:uuid:41089633-f0a0-45b5-b32f-697cffa31871>
196,<urn:uuid:e0c77f4a-b344-4d30-9bbe-41acd115f071>,<urn:uuid:e0c77f4a-b344-4d30-9bbe-41acd115f071>,<urn:uuid:014df86d-7e04-4167-933e-3483c100a29a>,<urn:uuid:594cca36-cdd5-469e-a329-1e311f993a91>,<urn:uuid:d83ded9e-cab9-4739-a47c-083ede2f7423>
197,<urn:uuid:19b4abc3-b4b2-4ff0-9249-e37f19b17d23>,<urn:uuid:19b4abc3-b4b2-4ff0-9249-e37f19b17d23>,<urn:uuid:6d4b24c5-93d9-4db9-9787-d4eaf6d93783>,<urn:uuid:73f8c06e-56ce-4ff2-bbc8-2f64b05879e7>,<urn:uuid:de21c854-2b3d-4f03-83d9-40bd0130c1a1>
198,<urn:uuid:02f34621-8637-45e1-914b-c5c135461cae>,<urn:uuid:02f34621-8637-45e1-914b-c5c135461cae>,<urn:uuid:8f94e7c8-1b7c-400b-9e24-8bf329f21ca4>,<urn:uuid:8ac53201-f2b9-4af3-8dc8-247926a3b254>,<urn:uuid:65763aaa-b441-4bc2-a234-ea1425e7eed4>
199,<urn:uuid:a3ecdb60-0a0c-4cd1-9071-d92e769f907e>,<urn:uuid:a3ecdb60-0a0c-4cd1-9071-d92e769f907e>,<urn:uuid:cc52d17d-a967-489e-aa49-b1d2839f4bdb>,<urn:uuid:25ec1d63-5013-4a24-9063-5d9ffb49d600>,<urn:uuid:9300ee37-4872-450a-8186-2775a8491b88>
200,<urn:uuid:436f6dff-4196-4b76-a399-1b5c37ea5bdc>,<urn:uuid:436f6dff-4196-4b76-a399-1b5c37ea5bdc>,<urn:uuid:9bf0f51c-b693-4840-88eb-7772888bba75>,<urn:uuid:f8fe4a00-02b8-4ad8-a24a-997ee3eed80f>,<urn:uuid:af48b556-3c27-4289-97fe-99de7f8acb96>
201,<urn:uuid:ae4a69a3-9c5d-43e4-bb67-94cc9d5d9975>,<urn:uuid:ae4a69a3-9c5d-43e4-bb67-94cc9d5d9975>,<urn:uuid:11d45db7-4698-433d-ac97-b1b4c469678a>,<urn:uuid:0d5422f6-604c-442c-bf03-999bd6c409ce>,<urn:uuid:e5dcee7c-d28f-4e70-ae79-eea834ad2a59>
202,<urn:uuid:063337b6-d31a-4e3f-9509-78427a72fd1a>,<urn:uuid:063337b6-d31a-4e3f-9509-78427a72fd1a>,<urn:uuid:2af8fb09-b8cd-4c55-9632-ef7888f2774b>,<urn:uuid:2ebf1646-5f9e-4a70-b04a-7bbfae078a6d>,<urn:uuid:b879f618-c2b9-4add-ac3b-1228379d1374>
203,<urn:uuid:f926cbdb-ed57-4331-b240-511404435614>,<urn:uuid:f926cbdb-ed57-4331-b240-511404435614>,<urn:uuid:9237fdff-408a-4603-a4d1-c8189a6506c7>,<urn:uuid:c018e401-6482-410f-93fe-0c78daa60994>,<urn:uuid:fd8abdde-7ec5-4748-8660-c01243a82990>
204,<urn:uuid:80b0b672-e885-442d-ad2c-9fc8d493e9ba>,<urn:uuid:80b0b672-e885-442d-ad2c-9fc8d493e9ba>,<urn:uuid:54e3f565-64ae-49cd-9a03-8b3423a479b9>,<urn:uuid:e80d017a-95cb-4a13-b9bb-6c878cbf9836>,<urn:uuid:fe9aae1d-c19a-4806-91a0-65191e40b472>
205,<urn:uuid:f8809a25-0cea-423e-96f8-ac4fea52e9c7>,<urn:uuid:f8809a25-0cea-423e-96f8-ac4fea52e9c7>,<urn:uuid:b38d89b7-8b33-4f22-b7fc-81fea69fea23>,<urn:uuid:9e141a4f-572f-4b03-9c21-048cc99dbf26>,<urn:uuid:db6a1d04-32b2-4dd8-ae40-c29441ee847f>
206,<urn:uuid:774e307b-69b0-4977-84d6-0a1f32891cf8>,<urn:uuid:774e307b-69b0-4977-84d6-0a1f32891cf8>,<urn:uuid:2e1e78ac-1d7f-4299-ba99-b3e8caf5f31b>,<urn:uuid:be47c429-96bf-4593-b958-de3d101ae150>,<urn:uuid:4808cb7f-9831-49b4-9a03-7e59ad314629>
207,<urn:uuid:8893966e-2d71-479e-af31-2a2706f02a32>,<urn:uuid:8893966e-2d71-479e-af31-2a2706f02a32>,<urn:uuid:3025e981-15dc-4a5f-8234-89f5575cb93f>,<urn:uuid:7f176fbf-7b7d-4a6f-996e-f566fe3cbcca>,<urn:uuid:0017d27a-bc41-48c7-8d96-0a954dbc6a71>
208,<urn:uuid:7fbcb38a-b418-4b23-8793-fb956b102d5e>,<urn:uuid:7fbcb38a-b418-4b23-8793-fb956b102d5e>,<urn:uuid:b76c324f-b301-48a3-a33e-7fa686f0fd0d>,<urn:uuid:f134c058-bdb4-44f6-a27f-6e6c22582585>,<urn:uuid:e8f79e7f-6d77-4de3-a284-418937a87cf4>
209,<urn:uuid:a699ee2a-eecf-4955-a649-5456f176b630>,<urn:uuid:a699ee2a-eecf-4955-a649-5456f176b630>,<urn:uuid:df9b09a3-f4b1-4c1a-adae-52933639c259>,<urn:uuid:8c5a13a6-de84-43df-8952-e39e5e94f650>,<urn:uuid:78dc04e0-8123-4f6c-a30c-f4c69bade622>
210,<urn:uuid:790b23e1-bb06-4c74-a461-14a13bac7022>,<urn:uuid:790b23e1-bb06-4c74-a461-14a13bac7022>,<urn:uuid:dec2d6a0-4493-4f2e-80b3-32d41daf74b0>,<urn:uuid:5461107b-b582-4881-a921-2bb44d06c006>,<urn:uuid:69e31766-f4d2-4d53-ba0d-9f61efd4c4a0>
211,<urn:uuid:94f7331a-99bd-4c31-8cb2-0c915620a89f>,<urn:uuid:94f7331a-99bd-4c31-8cb2-0c915620a89f>,<urn:uuid:8218f09f-c105-44be-b323-8009dc6263dd>,<urn:uuid:ddf4e68e-0c83-4501-8c09-a14d4b331f20>,<urn:uuid:11d45db7-4698-433d-ac97-b1b4c469678a>
212,<urn:uuid:5bc96815-ff3c-431c-899f-254ae1e1d071>,<urn:uuid:5bc96815-ff3c-431c-899f-254ae1e1d071>,<urn:uuid:9fd458c9-06d9-43cb-9638-5f33773cfcf0>,<urn:uuid:ff62a317-723e-443c-b8c8-6f7364101670>,<urn:uuid:de21c854-2b3d-4f03-83d9-40bd0130c1a1>
213,<urn:uuid:6ae9e2ae-f622-4dbb-963d-6c134ca6eb9c>,<urn:uuid:6ae9e2ae-f622-4dbb-963d-6c134ca6eb9c>,<urn:uuid:74574a74-1f1a-4058-8b2d-1dcf13cf48f7>,<urn:uuid:7f176fbf-7b7d-4a6f-996e-f566fe3cbcca>,<urn:uuid:431dd10c-43a8-49ca-bb5e-5a2211b9fd84>
214,<urn:uuid:c018e401-6482-410f-93fe-0c78daa60994>,<urn:uuid:c018e401-6482-410f-93fe-0c78daa60994>,<urn:uuid:1ddee2ef-6bc3-47ce-82a2-bda9d0e0b70a>,<urn:uuid:bf1453ca-6757-4e29-8d07-856acc67c8d3>,<urn:uuid:f1dee4bf-72b7-4418-9100-408c2a7226c3>
215,<urn:uuid:c3747b3d-d69f-4abb-bf99-785af92654c1>,<urn:uuid:c3747b3d-d69f-4abb-bf99-785af92654c1>,<urn:uuid:072f48a9-639e-4bb3-932c-5a2de4f05205>,<urn:uuid:e5c06a6d-e7c7-42c4-82ab-6f06f0971ea7>,<urn:uuid:2cdefe78-2025-41b5-90ab-32349fb57aa8>
216,<urn:uuid:95a7c748-f5e6-40a6-9329-59f8421b6aa4>,<urn:uuid:95a7c748-f5e6-40a6-9329-59f8421b6aa4>,<urn:uuid:54c8435e-2fe9-448c-aec7-1099709943d3>,<urn:uuid:69e31766-f4d2-4d53-ba0d-9f61efd4c4a0>,<urn:uuid:daa1acb8-1f0e-4f4a-8944-415534334b3a>
217,<urn:uuid:71f22731-906e-4f77-a463-69342c687e79>,<urn:uuid:71f22731-906e-4f77-a463-69342c687e79>,<urn:uuid:92e076f7-da76-4b86-b76c-44c756a3e2b1>,<urn:uuid:1bc9c986-8a90-4a07-844e-eb0333f2bbfe>,<urn:uuid:afa814c7-314d-4c61-9f26-1913a9080ae7>
218,<urn:uuid:5cc61d5e-b521-48a5-b096-c084670d7f09>,<urn:uuid:5cc61d5e-b521-48a5-b096-c084670d7f09>,<urn:uuid:024eb9b0-d571-4edd-b2c7-c653ae7964be>,<urn:uuid:d4f0dbad-dcbe-49cc-8627-00e960c5606a>,<urn:uuid:1bb23dee-86df-4ab1-9209-1be885d0b4e7>
219,<urn:uuid:b2733922-cfb5-4ba9-a338-1836998484d7>,<urn:uuid:b2733922-cfb5-4ba9-a338-1836998484d7>,<urn:uuid:eeadad06-d2cd-49d9-8ff5-e610d6275fba>,<urn:uuid:e9626813-16d1-4f85-9663-9675ddfe33db>,<urn:uuid:de21c854-2b3d-4f03-83d9-40bd0130c1a1>
220,<urn:uuid:9656eee8-857d-4478-8b53-f6e968246595>,<urn:uuid:9656eee8-857d-4478-8b53-f6e968246595>,<urn:uuid:90fb6974-d958-4e94-bf6d-73b704250443>,<urn:uuid:5b4164ab-8d9b-47b8-b97e-fbdf93713be5>,<urn:uuid:4069a501-55ab-4495-8fcd-fc35dbb50a72>
221,<urn:uuid:8955073d-81d9-4c70-8058-d15b2ea975b8>,<urn:uuid:8955073d-81d9-4c70-8058-d15b2ea975b8>,<urn:uuid:8897aba3-cd37-4fa0-8760-3dc74bdaa836>,<urn:uuid:4648fddd-4625-47a8-a524-31a8edbe9244>,<urn:uuid:d16cbf7b-5a82-4cf5-91e7-efe6991ac8c5>
222,<urn:uuid:0e4b4f39-7373-4a4b-9eaa-b9b8607dbf18>,<urn:uuid:0e4b4f39-7373-4a4b-9eaa-b9b8607dbf18>,<urn:uuid:1b3e2476-9072-4da9-93ef-317c6568e467>,<urn:uuid:a1b1452f-c2d2-4a09-ae08-015e18346589>,<urn:uuid:65fdef64-6a10-4c38-b52e-cd2b6dbcd4b3>
223,<urn:uuid:9c8d1b88-f21c-4854-9e39-d4af40c245e5>,<urn:uuid:80b0b672-e885-442d-ad2c-9fc8d493e9ba>,<urn:uuid:969973e2-30db-4284-ba29-214a38330397>,<urn:uuid:54e3f565-64ae-49cd-9a03-8b3423a479b9>,<urn:uuid:b9a30036-3f7c-49b8-8427-0956f8a27d63>
224,<urn:uuid:379e6bd1-da35-4559-acb8-e0ac028c29f7>,<urn:uuid:379e6bd1-da35-4559-acb8-e0ac028c29f7>,<urn:uuid:2ae0e9c6-44f3-40b9-be7b-ff9f07088bf7>,<urn:uuid:a52e766b-8919-4b41-995c-956fb86757ef>,<urn:uuid:c4f109a8-7566-4edf-8498-83a07ac9edf2>
225,<urn:uuid:896aa022-323b-4d85-9d49-272728cb460d>,<urn:uuid:896aa022-323b-4d85-9d49-272728cb460d>,<urn:uuid:722d7999-cde2-420d-8442-995c6fe58712>,<urn:uuid:e0e4fcda-cab8-454c-93ba-472547376599>,<urn:uuid:cc52d17d-a967-489e-aa49-b1d2839f4bdb>
226,<urn:uuid:761d04f5-078a-495e-8f15-bb4fe5d1abe2>,<urn:uuid:761d04f5-078a-495e-8f15-bb4fe5d1abe2>,<urn:uuid:fa2a661c-48a7-4b03-a09f-494f5b1eae99>,<urn:uuid:685f464a-b204-4bc0-9eee-8297f6c6ecc2>,<urn:uuid:5bc96815-ff3c-431c-899f-254ae1e1d071>
227,<urn:uuid:46964b3c-df50-4a66-8fd5-bee01e5f96f9>,<urn:uuid:46964b3c-df50-4a66-8fd5-bee01e5f96f9>,<urn:uuid:ac9ff2f2-2b88-4849-9aad-a65bc9a946dc>,<urn:uuid:698b5e61-fc66-4d0d-90d7-a5dab9555dee>,<urn:uuid:daa1acb8-1f0e-4f4a-8944-415534334b3a>
228,<urn:uuid:61fac57a-a1bf-42b3-bca3-8a7f32a27e3c>,<urn:uuid:61fac57a-a1bf-42b3-bca3-8a7f32a27e3c>,<urn:uuid:ddf4e68e-0c83-4501-8c09-a14d4b331f20>,<urn:uuid:34850146-ec74-43a7-aec6-38fb14b423bd>,<urn:uuid:af9d46db-12a9-41d8-9687-1b4232404418>
229,<urn:uuid:a1b1452f-c2d2-4a09-ae08-015e18346589>,<urn:uuid:a1b1452f-c2d2-4a09-ae08-015e18346589>,<urn:uuid:3c3a9e07-5ad2-422e-a827-1ccd2c8b70f6>,<urn:uuid:83ba4f3d-43cd-4f87-ac06-4c6a555f32f3>,<urn:uuid:d82eef60-b4ba-44ff-a858-dfe0f1714ee2>
230,<urn:uuid:fef6709a-fcbc-4dd8-9824-afb80d5be913>,<urn:uuid:fef6709a-fcbc-4dd8-9824-afb80d5be913>,<urn:uuid:9f2eefaa-f63b-4179-bfbb-110f286cfb37>,<urn:uuid:419415f1-4c2b-44f7-8260-f71edfef2bf0>,<urn:uuid:20a5e617-a001-43a4-a434-53dcafae6468>
231,<urn:uuid:57759fe5-39a3-4eb9-b16c-f00b3779c8b3>,<urn:uuid:57759fe5-39a3-4eb9-b16c-f00b3779c8b3>,<urn:uuid:b6061d96-efd2-4428-9201-b7988cf37b4f>,<urn:uuid:4f804747-0cb9-4228-b2a0-37cc80a0f2eb>,<urn:uuid:fd8abdde-7ec5-4748-8660-c01243a82990>
232,<urn:uuid:6d427c54-037f-4f82-8847-90e536c1dc7c>,<urn:uuid:6d427c54-037f-4f82-8847-90e536c1dc7c>,<urn:uuid:a6cb741c-b14d-41bc-997b-a4a82fd474e0>,<urn:uuid:10c01d03-3ff3-452b-8e30-6796458583f0>,<urn:uuid:6cf809ad-f1f0-4ca4-a694-c563400a2c19>
233,<urn:uuid:10c01d03-3ff3-452b-8e30-6796458583f0>,<urn:uuid:10c01d03-3ff3-452b-8e30-6796458583f0>,<urn:uuid:f09cbd6c-f24f-421e-93bf-1846ef60063a>,<urn:uuid:8393d16b-d5db-4292-9845-e2cf6b140450>,<urn:uuid:ce3fae0c-dd68-4c41-aef7-8bc8f2e6b6ae>
234,<urn:uuid:7e594e96-22dd-467c-a161-26f249298544>,<urn:uuid:7e594e96-22dd-467c-a161-26f249298544>,<urn:uuid:984a42a2-3e6b-4d39-83ce-5856bb0d0d29>,<urn:uuid:0f7e368f-05fc-4bc8-8b22-b60e996e191f>,<urn:uuid:618b59ca-9661-450d-987b-a6980370c8f6>
235,<urn:uuid:30769f01-c02d-4790-8126-db9a8a50f74e>,<urn:uuid:30769f01-c02d-4790-8126-db9a8a50f74e>,<urn:uuid:28102119-5af5-4dcd-ae65-1e3c3d2b994b>,<urn:uuid:5af4685f-62a2-42ed-b798-289353c938bf>,<urn:uuid:ad118918-053b-4363-8ffd-5b04c8115ffd>
236,<urn:uuid:7dd4c69c-20fb-459e-968e-7b906c42fc51>,<urn:uuid:7dd4c69c-20fb-459e-968e-7b906c42fc51>,<urn:uuid:f972f07b-b101-435f-a4aa-25915ec3497b>,<urn:uuid:aa05b85c-6365-4dfb-b25a-4c7ef3623414>,<urn:uuid:9652fa03-2eeb-460d-bce1-799e4295a75c>
237,<urn:uuid:35d6c7fa-7e7c-4ca1-80c3-21e46a6a685b>,<urn:uuid:35d6c7fa-7e7c-4ca1-80c3-21e46a6a685b>,<urn:uuid:9600e10a-b872-4740-bf42-c064963b4e1b>,<urn:uuid:2cdefe78-2025-41b5-90ab-32349fb57aa8>,<urn:uuid:b2733922-cfb5-4ba9-a338-1836998484d7>
238,<urn:uuid:cad66291-a16d-4ed6-89b4-d34880858405>,<urn:uuid:cad66291-a16d-4ed6-89b4-d34880858405>,<urn:uuid:daa1acb8-1f0e-4f4a-8944-415534334b3a>,<urn:uuid:04f05882-a2e6-47dd-a405-11599870ff8d>,<urn:uuid:84445423-21d0-408e-afa0-8fc0cee40d54>
239,<urn:uuid:f86fec4a-8880-42be-93ec-82214fcde980>,<urn:uuid:f86fec4a-8880-42be-93ec-82214fcde980>,<urn:uuid:9f2eefaa-f63b-4179-bfbb-110f286cfb37>,<urn:uuid:65b8829e-bba2-4b3b-8773-a85a7704dab8>,<urn:uuid:2648bc0a-aff0-4178-97e4-8cc039c78206>
240,<urn:uuid:39219d53-bcbe-440e-99b1-3d59f6a34cea>,<urn:uuid:39219d53-bcbe-440e-99b1-3d59f6a34cea>,<urn:uuid:fa084c3e-b92a-494e-9ef1-a6f988f1d45c>,<urn:uuid:b10a841e-7606-4151-81c5-23c371a34c87>,<urn:uuid:806eb77f-bb77-4e96-a56d-d1fd91fd2f82>
241,<urn:uuid:84445423-21d0-408e-afa0-8fc0cee40d54>,<urn:uuid:a512ff92-05ad-4fc5-a8a4-29eb4dcaceda>,<urn:uuid:84445423-21d0-408e-afa0-8fc0cee40d54>,<urn:uuid:daa1acb8-1f0e-4f4a-8944-415534334b3a>,<urn:uuid:0017d27a-bc41-48c7-8d96-0a954dbc6a71>
242,<urn:uuid:e98b5ff3-82cf-44b0-a859-98402d638c33>,<urn:uuid:e98b5ff3-82cf-44b0-a859-98402d638c33>,<urn:uuid:2a9f5e96-8f1f-43cc-b035-9399cbf8e3bf>,<urn:uuid:2e1e78ac-1d7f-4299-ba99-b3e8caf5f31b>,<urn:uuid:deafac80-9ae7-4674-9963-740f86ede8de>
243,<urn:uuid:17e3480e-78bf-4e9d-bc4f-1dcaa6185e58>,<urn:uuid:17e3480e-78bf-4e9d-bc4f-1dcaa6185e58>,<urn:uuid:245c44ae-121f-48da-896e-6a6b6f31b298>,<urn:uuid:003bae50-9c19-4b36-be6f-6e9c60def0b7>,<urn:uuid:65fdef64-6a10-4c38-b52e-cd2b6dbcd4b3>
244,<urn:uuid:f8fe4a00-02b8-4ad8-a24a-997ee3eed80f>,<urn:uuid:f8fe4a00-02b8-4ad8-a24a-997ee3eed80f>,<urn:uuid:88bf712a-392b-4d16-a61a-c2a43fd2f174>,<urn:uuid:a7ecf244-7468-4ba3-bf2f-31b309c16b89>,<urn:uuid:9f2eefaa-f63b-4179-bfbb-110f286cfb37>
245,<urn:uuid:81caebf7-43f9-4d2a-8f55-efc3b909e966>,<urn:uuid:81caebf7-43f9-4d2a-8f55-efc3b909e966>,<urn:uuid:84445423-21d0-408e-afa0-8fc0cee40d54>,<urn:uuid:240d1f9c-cf2f-4d5b-8e82-95c448c62b85>,<urn:uuid:f86fec4a-8880-42be-93ec-82214fcde980>
246,<urn:uuid:f4707507-c632-4078-8a16-d2ebcc45f605>,<urn:uuid:f4707507-c632-4078-8a16-d2ebcc45f605>,<urn:uuid:a1b2421e-befa-45a6-9205-a46f2ed5aa63>,<urn:uuid:89bf542d-5929-49ed-8cb1-8d9ee6377bf5>,<urn:uuid:47d6da57-3915-4a63-a3ef-8504ca9aeba2>
247,<urn:uuid:5da7fca9-6142-4256-a254-02897c043dce>,<urn:uuid:5da7fca9-6142-4256-a254-02897c043dce>,<urn:uuid:78e01bfd-f680-4db3-bd89-8f66a93fea88>,<urn:uuid:e7b2e976-6f8f-4103-bb4b-2ab1c74f77ff>,<urn:uuid:69e62ade-c4c7-49da-a276-f3980cfb0ef8>
248,<urn:uuid:372adb37-f52c-43aa-89cb-afa675e8b9a6>,<urn:uuid:372adb37-f52c-43aa-89cb-afa675e8b9a6>,<urn:uuid:ab89cf82-4e97-4b48-b114-8d9ec99b673b>,<urn:uuid:21dc8de4-8173-44a3-895f-e91cdb9cba4a>,<urn:uuid:cd307a3e-07ed-4d41-a8c1-d8a864e6a6c0>
249,<urn:uuid:d695a3b2-b31f-46da-8bc5-9ab5c5bc2314>,<urn:uuid:d695a3b2-b31f-46da-8bc5-9ab5c5bc2314>,<urn:uuid:8f94e7c8-1b7c-400b-9e24-8bf329f21ca4>,<urn:uuid:c4125192-1072-4e0d-84ee-4910abb79f5e>,<urn:uuid:de21c854-2b3d-4f03-83d9-40bd0130c1a1>
250,<urn:uuid:87120d7f-316d-472a-bf57-be47b97ad54b>,<urn:uuid:87120d7f-316d-472a-bf57-be47b97ad54b>,<urn:uuid:ec44cd3d-348e-4187-b037-9ebc01c9653a>,<urn:uuid:4d088526-22ef-47be-bf28-34ebf8a063f3>,<urn:uuid:1d57d786-74b9-4c01-9113-83c3411f7da5>
251,<urn:uuid:7fec9468-1b15-4a3a-8a2b-dbc3dc1d94b7>,<urn:uuid:7fec9468-1b15-4a3a-8a2b-dbc3dc1d94b7>,<urn:uuid:011ec9a9-a91b-42b9-bdab-e59200890b1e>,<urn:uuid:9e453f62-d42b-4982-8768-20b7adba1fad>,<urn:uuid:c2b889a5-3336-43c5-b957-1c3d531be5ef>
252,<urn:uuid:b10a841e-7606-4151-81c5-23c371a34c87>,<urn:uuid:b10a841e-7606-4151-81c5-23c371a34c87>,<urn:uuid:0017d27a-bc41-48c7-8d96-0a954dbc6a71>,<urn:uuid:431c112e-af46-4b16-8fe5-a384fa02260b>,<urn:uuid:ec44cd3d-348e-4187-b037-9ebc01c9653a>
253,<urn:uuid:4669bf77-a593-4e98-9128-5b18c4868933>,<urn:uuid:119e959a-d196-4c80-aac3-3d123dcb5279>,<urn:uuid:4669bf77-a593-4e98-9128-5b18c4868933>,<urn:uuid:28102119-5af5-4dcd-ae65-1e3c3d2b994b>,<urn:uuid:bc779185-6df4-4707-8879-8d09f5458744>
254,<urn:uuid:e6fe9e02-a438-4b02-a46c-35de58b1169a>,<urn:uuid:e6fe9e02-a438-4b02-a46c-35de58b1169a>,<urn:uuid:ab472d33-6267-4883-8a9d-92b3f3fcbc8a>,<urn:uuid:3e1e1b93-b8f0-4619-9484-d26d10d3db3e>,<urn:uuid:4f804747-0cb9-4228-b2a0-37cc80a0f2eb>
255,<urn:uuid:98723742-0333-4ae6-b7ba-8bd92d4d8b88>,<urn:uuid:98723742-0333-4ae6-b7ba-8bd92d4d8b88>,<urn:uuid:2e855cb2-8f28-4243-a5ec-367358276aa7>,<urn:uuid:cf8051d4-94bb-47fd-a96f-ce30e3c01caa>,<urn:uuid:bc32e7ab-5086-42bb-9494-e3af58eb9157>
256,<urn:uuid:2b404bc5-35cb-4642-a595-22e03d495efe>,<urn:uuid:2b404bc5-35cb-4642-a595-22e03d495efe>,<urn:uuid:cbe90f6a-00bf-42e2-9aa8-7388ceccd4d4>,<urn:uuid:d65817c3-ff16-4dfb-b21e-e85acda64933>,<urn:uuid:9be4171c-097e-4e3a-8e8e-2130f4c8f040>
257,<urn:uuid:78e01bfd-f680-4db3-bd89-8f66a93fea88>,<urn:uuid:78e01bfd-f680-4db3-bd89-8f66a93fea88>,<urn:uuid:2a428d4c-28a5-4c65-baa1-d3f6df4fd403>,<urn:uuid:1e653d34-6bc2-46dc-9c5b-b8b811dec257>,<urn:uuid:372adb37-f52c-43aa-89cb-afa675e8b9a6>
258,<urn:uuid:0fb92b2e-81cb-4e95-b440-fceee6a4149a>,<urn:uuid:8cabc739-c6ab-4168-b1da-2c963318cbe8>,<urn:uuid:24d618fd-999a-4b26-b75f-d83efa7c5998>,<urn:uuid:5cac3cdc-f2c7-47f0-bd56-c50a9741fe0b>,<urn:uuid:41183e6a-f3c2-4ff3-8e49-9a53b9c2365c>
259,<urn:uuid:879e28d5-00e2-4df7-b0e4-077d38688eed>,<urn:uuid:879e28d5-00e2-4df7-b0e4-077d38688eed>,<urn:uuid:1889294b-ab42-4baa-ae90-c73ffc1a393f>,<urn:uuid:ede4afce-981a-4e15-8e10-936ec63e2513>,<urn:uuid:db5835e3-82e0-4cf7-b4ef-071dc7f9bf0b>
260,<urn:uuid:abd1778d-9ce8-443b-a8e7-ee459d71c85a>,<urn:uuid:abd1778d-9ce8-443b-a8e7-ee459d71c85a>,<urn:uuid:a1322c15-f7dc-42ca-a928-441f7cd9ea4b>,<urn:uuid:245c44ae-121f-48da-896e-6a6b6f31b298>,<urn:uuid:f97b9495-35a5-44bb-a0b4-8abf12816ddc>
261,<urn:uuid:2d4fbe0a-3e3e-44f7-9572-818269670c9a>,<urn:uuid:2d4fbe0a-3e3e-44f7-9572-818269670c9a>,<urn:uuid:ce6a52b8-f507-4099-aa91-a55ad34c088b>,<urn:uuid:6ba64c55-7fdd-4adf-936d-ed8775268036>,<urn:uuid:2648db63-d6da-4b2f-8f87-0720d996681e>
262,<urn:uuid:b9a30036-3f7c-49b8-8427-0956f8a27d63>,<urn:uuid:b9a30036-3f7c-49b8-8427-0956f8a27d63>,<urn:uuid:72ad3fa4-7c97-4efa-8858-fb17cd3339f1>,<urn:uuid:2cdefe78-2025-41b5-90ab-32349fb57aa8>,<urn:uuid:3d21b5ee-5cbb-45e4-92f9-a1c6f2d09a5a>
263,<urn:uuid:1b3e2476-9072-4da9-93ef-317c6568e467>,<urn:uuid:1b3e2476-9072-4da9-93ef-317c6568e467>,<urn:uuid:65fdef64-6a10-4c38-b52e-cd2b6dbcd4b3>,<urn:uuid:c63b32e5-2acc-46cb-b2c7-787bec9c2b3f>,<urn:uuid:6022cea6-e7d7-4b67-ad74-9caab0fa096b>
264,<urn:uuid:32cf38c9-6043-483a-83af-90fabdc1d85a>,<urn:uuid:32cf38c9-6043-483a-83af-90fabdc1d85a>,<urn:uuid:774e307b-69b0-4977-84d6-0a1f32891cf8>,<urn:uuid:558e6e68-2bfd-4d43-bb52-e85cea04f55f>,<urn:uuid:8ef8f7c1-8b40-434a-bdc1-b993ec5bdd41>
265,<urn:uuid:1bbb4128-8498-45a3-8ee7-e6596eec6ef9>,<urn:uuid:392379d3-640b-45dd-a9fe-1f2c7d26cbf4>,<urn:uuid:e5baa0f9-fba0-4401-b37f-f30a1ee7d8a5>,<urn:uuid:bc32e7ab-5086-42bb-9494-e3af58eb9157>,<urn:uuid:cf8051d4-94bb-47fd-a96f-ce30e3c01caa>
266,<urn:uuid:87611fc2-2a25-44de-8b78-4227d18082f8>,<urn:uuid:87611fc2-2a25-44de-8b78-4227d18082f8>,<urn:uuid:7760a6d2-db2c-4946-aaea-c80c45511c22>,<urn:uuid:7c446a4f-f81e-4751-9d7e-80d897f9f148>,<urn:uuid:23a99d51-26bc-4b22-b22f-5136cc338775>
267,<urn:uuid:8e056e67-7cff-4688-8f3d-ec057178200a>,<urn:uuid:8e056e67-7cff-4688-8f3d-ec057178200a>,<urn:uuid:39219d53-bcbe-440e-99b1-3d59f6a34cea>,<urn:uuid:2e71740d-b892-4aa2-b88c-d86cfb1e1b69>,<urn:uuid:1a4946c4-7743-4e24-9de5-558b74c5ccc1>
268,<urn:uuid:cb182e43-fb51-4951-807f-b332d961f97a>,<urn:uuid:4c610869-8e6a-4d29-9aa8-9c27e7be1e89>,<urn:uuid:a52e766b-8919-4b41-995c-956fb86757ef>,<urn:uuid:58e434d6-36d1-4f0f-95ea-0b8bb3fea99b>,<urn:uuid:64d15139-e61c-424e-bd63-654eb3629161>
269,<urn:uuid:3692ea02-2081-4835-b4f6-6e4005d47687>,<urn:uuid:3692ea02-2081-4835-b4f6-6e4005d47687>,<urn:uuid:6333c19b-d762-4271-a9f5-c62c02fc2fca>,<urn:uuid:c018e401-6482-410f-93fe-0c78daa60994>,<urn:uuid:de772f07-a3f9-4d9e-9df6-8112ab6421ea>
270,<urn:uuid:b12491d6-286d-4971-b643-6ef1e6eee6e7>,<urn:uuid:9344d848-0e5b-419b-8f61-da1ce67ebbd3>,<urn:uuid:f51b7649-f487-4fe1-9fd4-957f28f8bc2b>,<urn:uuid:790b23e1-bb06-4c74-a461-14a13bac7022>,<urn:uuid:1d37aeb0-690d-4d22-aeea-b7eb005b9291>
271,<urn:uuid:8218f09f-c105-44be-b323-8009dc6263dd>,<urn:uuid:8218f09f-c105-44be-b323-8009dc6263dd>,<urn:uuid:6ebae4be-0735-4981-9f7d-c05c82961eb1>,<urn:uuid:f63777c6-8612-4ae2-ba24-8fbbfc0c55ef>,<urn:uuid:eff080ef-f673-4d1e-ab34-0391eda1bdef>
272,<urn:uuid:75188b20-3bb2-43bf-976d-f0d6f4b79858>,<urn:uuid:75188b20-3bb2-43bf-976d-f0d6f4b79858>,<urn:uuid:0bbe1ed1-7019-44d2-b730-3f7b9dd7b119>,<urn:uuid:245c44ae-121f-48da-896e-6a6b6f31b298>,<urn:uuid:5d4a712e-374b-40e5-bca7-3987a58b199a>
273,<urn:uuid:b232c6cc-58a0-48ca-ba5e-626878bebbf2>,<urn:uuid:b232c6cc-58a0-48ca-ba5e-626878bebbf2>,<urn:uuid:3e1e1b93-b8f0-4619-9484-d26d10d3db3e>,<urn:uuid:1bc9c986-8a90-4a07-844e-eb0333f2bbfe>,<urn:uuid:23cb8492-bd02-41b7-8519-5ab4a02d6c0c>
274,<urn:uuid:9c46d53e-8b52-4d9f-8498-ed0639f71f42>,<urn:uuid:9c46d53e-8b52-4d9f-8498-ed0639f71f42>,<urn:uuid:99eb351f-d2b3-45ed-9ec7-cf061b12ebed>,<urn:uuid:84445423-21d0-408e-afa0-8fc0cee40d54>,<urn:uuid:4786481c-5753-45b0-8bda-dc80eead183f>
275,<urn:uuid:b8e00c9c-bfdc-4590-a278-02bdffb18a26>,<urn:uuid:b8e00c9c-bfdc-4590-a278-02bdffb18a26>,<urn:uuid:ab8d1454-cf7d-408e-8662-043460d7e503>,<urn:uuid:09c6a0ef-464b-454f-8dc9-f4c62fd515f6>,<urn:uuid:6cf809ad-f1f0-4ca4-a694-c563400a2c19>
276,<urn:uuid:001dc035-9f76-448f-a37d-b61d9d68ff4d>,<urn:uuid:001dc035-9f76-448f-a37d-b61d9d68ff4d>,<urn:uuid:a232f48a-b2f9-4f26-b889-bcf46b78947d>,<urn:uuid:0cee5102-6622-4d3b-a733-874c54a23ef3>,<urn:uuid:eb349f39-b20a-48ba-b501-982b34724dad>
277,<urn:uuid:0560027a-6b45-460d-a1c1-7d2f3e62ef67>,<urn:uuid:0560027a-6b45-460d-a1c1-7d2f3e62ef67>,<urn:uuid:18eb6c9e-b6b8-492b-a128-df3c008a3802>,<urn:uuid:9e453f62-d42b-4982-8768-20b7adba1fad>,<urn:uuid:d4f0dbad-dcbe-49cc-8627-00e960c5606a>
278,<urn:uuid:fa5b5e3f-1984-40c0-9cf9-459f0752d8c2>,<urn:uuid:9ee474ae-6442-41a7-973f-2587f21db18e>,<urn:uuid:e03621b2-ab7b-408c-bd42-aa17f2dc3aed>,<urn:uuid:480a882d-be85-4fd4-a251-3cece9e0fe22>,<urn:uuid:ff0b6a5d-d4eb-4214-91de-b81d18a871d1>
279,<urn:uuid:7e7a0732-91b5-4589-9074-962387a5ce5f>,<urn:uuid:024101e8-1cea-44b6-8562-f5708fad3974>,<urn:uuid:13c38411-12eb-470f-822f-c509ff0c0629>,<urn:uuid:a6cb741c-b14d-41bc-997b-a4a82fd474e0>,<urn:uuid:7e7a0732-91b5-4589-9074-962387a5ce5f>
280,<urn:uuid:0b4ba763-9913-4161-a3e5-ce5e729086b4>,<urn:uuid:0b4ba763-9913-4161-a3e5-ce5e729086b4>,<urn:uuid:d7ce7378-acf9-4da5-893d-774f0078bcb0>,<urn:uuid:d3384eae-623e-44ae-af1e-7f894001ae05>,<urn:uuid:1ddee2ef-6bc3-47ce-82a2-bda9d0e0b70a>
281,<urn:uuid:a2bc9813-3c5a-4302-9ee7-04935a5f5749>,<urn:uuid:a2bc9813-3c5a-4302-9ee7-04935a5f5749>,<urn:uuid:56ac4dd1-8434-4de6-bc4b-e2cb916b9cb2>,<urn:uuid:032153b8-ec2b-4588-b4c5-757bb150b3fb>,<urn:uuid:6355eb03-9d78-4c03-82fd-f913ffd3ba32>
282,<urn:uuid:a6ce6962-4434-4238-b3c3-62b5b1051c34>,<urn:uuid:a6ce6962-4434-4238-b3c3-62b5b1051c34>,<urn:uuid:879e28d5-00e2-4df7-b0e4-077d38688eed>,<urn:uuid:f63777c6-8612-4ae2-ba24-8fbbfc0c55ef>,<urn:uuid:f1e9e4f7-80cf-48a2-8fc4-6767b6c27f37>
283,<urn:uuid:7f176fbf-7b7d-4a6f-996e-f566fe3cbcca>,<urn:uuid:7f176fbf-7b7d-4a6f-996e-f566fe3cbcca>,<urn:uuid:5461107b-b582-4881-a921-2bb44d06c006>,<urn:uuid:5cb25ac1-22a1-4b93-a99d-b93b0f69cb86>,<urn:uuid:2e71740d-b892-4aa2-b88c-d86cfb1e1b69>
284,<urn:uuid:af9d46db-12a9-41d8-9687-1b4232404418>,<urn:uuid:af9d46db-12a9-41d8-9687-1b4232404418>,<urn:uuid:e0e4fcda-cab8-454c-93ba-472547376599>,<urn:uuid:a6ce6962-4434-4238-b3c3-62b5b1051c34>,<urn:uuid:1fe9dd59-538f-4853-a1d9-08bf5b519e4a>
285,<urn:uuid:f47b8593-1595-4088-8253-ebc8017513de>,<urn:uuid:f47b8593-1595-4088-8253-ebc8017513de>,<urn:uuid:53d507c3-f7c2-4157-a9a0-9b07fc104709>,<urn:uuid:5bcb0076-10dc-49b7-8d16-194e7e39315a>,<urn:uuid:57759fe5-39a3-4eb9-b16c-f00b3779c8b3>
286,<urn:uuid:821308bb-e50d-4765-840f-baf20ba50181>,<urn:uuid:5bfb9690-b15e-433d-80ed-63cdfca321f5>,<urn:uuid:b71548a9-7676-4547-82a9-4ea6d1a91415>,<urn:uuid:698b5e61-fc66-4d0d-90d7-a5dab9555dee>,<urn:uuid:4fed4e00-ba4c-493d-9baf-9e9ac9df2b02>
287,<urn:uuid:253b284b-b9f8-437f-b100-585ce977fcc2>,<urn:uuid:253b284b-b9f8-437f-b100-585ce977fcc2>,<urn:uuid:57bf0d10-f72d-4a1e-96c2-9055414aa13b>,<urn:uuid:8eae24db-5db8-4a98-aa31-00afbe05e796>,<urn:uuid:6f20a64f-0b01-458c-b2c2-bcd87e04d52f>
288,<urn:uuid:9f2eefaa-f63b-4179-bfbb-110f286cfb37>,<urn:uuid:9f2eefaa-f63b-4179-bfbb-110f286cfb37>,<urn:uuid:ee319f76-e495-4a7a-95c1-1f39bb48f783>,<urn:uuid:83ba4f3d-43cd-4f87-ac06-4c6a555f32f3>,<urn:uuid:0cee5102-6622-4d3b-a733-874c54a23ef3>
289,<urn:uuid:c4125192-1072-4e0d-84ee-4910abb79f5e>,<urn:uuid:c4125192-1072-4e0d-84ee-4910abb79f5e>,<urn:uuid:9600e10a-b872-4740-bf42-c064963b4e1b>,<urn:uuid:a7ecf244-7468-4ba3-bf2f-31b309c16b89>,<urn:uuid:064777e4-515b-4f43-80f9-ad16537b1ff4>
290,<urn:uuid:6667eeaa-de2a-4e28-bed8-4d78c8fad3a3>,<urn:uuid:6667eeaa-de2a-4e28-bed8-4d78c8fad3a3>,<urn:uuid:34850146-ec74-43a7-aec6-38fb14b423bd>,<urn:uuid:97df1bb4-fced-4eb5-95a6-f9579a20ee0b>,<urn:uuid:0dd6b3b9-adb7-4e60-b5a5-315da13a02e0>
291,<urn:uuid:e5dcee7c-d28f-4e70-ae79-eea834ad2a59>,<urn:uuid:e5dcee7c-d28f-4e70-ae79-eea834ad2a59>,<urn:uuid:cb53abe9-dd23-4b73-bb2b-278daac0bfeb>,<urn:uuid:984a42a2-3e6b-4d39-83ce-5856bb0d0d29>,<urn:uuid:7763daf9-16ee-4758-b18f-d46000cef8b4>
292,<urn:uuid:3b843133-5a66-4a2b-996b-1798f3aa04fb>,<urn:uuid:3b843133-5a66-4a2b-996b-1798f3aa04fb>,<urn:uuid:84445423-21d0-408e-afa0-8fc0cee40d54>,<urn:uuid:afa814c7-314d-4c61-9f26-1913a9080ae7>,<urn:uuid:479e870d-a27b-4c51-ac51-fc2fda8df87e>
293,<urn:uuid:b8511419-bc88-4f05-bb03-1e1adf365bae>,<urn:uuid:b8511419-bc88-4f05-bb03-1e1adf365bae>,<urn:uuid:a9f3eae4-c234-4770-974c-09d669138f32>,<urn:uuid:d4f0dbad-dcbe-49cc-8627-00e960c5606a>,<urn:uuid:ec44cd3d-348e-4187-b037-9ebc01c9653a>
294,<urn:uuid:6e620e41-addb-45f6-91e7-7d6d18f7c8f6>,<urn:uuid:6e620e41-addb-45f6-91e7-7d6d18f7c8f6>,<urn:uuid:0560027a-6b45-460d-a1c1-7d2f3e62ef67>,<urn:uuid:b6720cc2-ddbf-4127-8dcf-e8915ece3ed3>,<urn:uuid:3b2bc4dd-998c-43bd-aad4-3e1fb4ba132b>
295,<urn:uuid:4555c6cb-8f58-4435-89b9-1febe54898c3>,<urn:uuid:4555c6cb-8f58-4435-89b9-1febe54898c3>,<urn:uuid:54e3f565-64ae-49cd-9a03-8b3423a479b9>,<urn:uuid:deafac80-9ae7-4674-9963-740f86ede8de>,<urn:uuid:214fd24b-a264-4e79-a8eb-0aec014a2416>
296,<urn:uuid:f72c3fcd-4653-4ac7-bbd5-3d858ff5d335>,<urn:uuid:0fb92b2e-81cb-4e95-b440-fceee6a4149a>,<urn:uuid:f8fe4a00-02b8-4ad8-a24a-997ee3eed80f>,<urn:uuid:9e487218-80cb-4e6f-91d6-8bf5a17c3707>,<urn:uuid:600d84eb-1c98-41de-bd2a-2f48e546bc4d>
297,<urn:uuid:2648db63-d6da-4b2f-8f87-0720d996681e>,<urn:uuid:2648db63-d6da-4b2f-8f87-0720d996681e>,<urn:uuid:81866bac-f55d-4dfa-a531-ba97ef6102dc>,<urn:uuid:8c073110-aab1-42fb-b5c5-4ce5c589d964>,<urn:uuid:4069a501-55ab-4495-8fcd-fc35dbb50a72>
298,<urn:uuid:19f3b8e3-ae2d-400c-9f2e-99c1edf2876a>,<urn:uuid:19f3b8e3-ae2d-400c-9f2e-99c1edf2876a>,<urn:uuid:6652dada-d4cf-49b0-a0cf-9851636b3ce0>,<urn:uuid:51f7b5d5-6b0a-484a-a9ff-12f30ff6779f>,<urn:uuid:879e28d5-00e2-4df7-b0e4-077d38688eed>
299,<urn:uuid:04dcc0c6-4277-425a-8d6b-96c7b3e6cb36>,<urn:uuid:04dcc0c6-4277-425a-8d6b-96c7b3e6cb36>,<urn:uuid:15dfc4b2-5a9b-4615-a25f-987b263355f1>,<urn:uuid:7c464f22-9010-4dff-8ce5-93edb5f29ef3>,<urn:uuid:09d89a09-13be-4a27-ba16-17978b424f64>
300,<urn:uuid:98afa9f2-5406-49fc-aa5f-c84114be3624>,<urn:uuid:98afa9f2-5406-49fc-aa5f-c84114be3624>,<urn:uuid:fd34f40c-aa9b-444a-b235-c00050020567>,<urn:uuid:8ac53201-f2b9-4af3-8dc8-247926a3b254>,<urn:uuid:e5baa0f9-fba0-4401-b37f-f30a1ee7d8a5>
301,<urn:uuid:e3e7cb81-0879-4a99-bdb0-c3856dbae474>,<urn:uuid:f1e9e4f7-80cf-48a2-8fc4-6767b6c27f37>,<urn:uuid:e3e7cb81-0879-4a99-bdb0-c3856dbae474>,<urn:uuid:56ac4dd1-8434-4de6-bc4b-e2cb916b9cb2>,<urn:uuid:e40267a1-a5fb-41ed-9441-ecdc918b7e5d>
302,<urn:uuid:9efd1b5d-5730-469a-87bf-bd6881c4a3a1>,<urn:uuid:9efd1b5d-5730-469a-87bf-bd6881c4a3a1>,<urn:uuid:ff62a317-723e-443c-b8c8-6f7364101670>,<urn:uuid:a99e16b9-bb14-4f1b-968e-7e893b6ea578>,<urn:uuid:87abeb51-e6a6-4489-bf5f-67c57c678fa9>
303,<urn:uuid:df8294c1-2be3-414a-8729-70a17c6dda9c>,<urn:uuid:df8294c1-2be3-414a-8729-70a17c6dda9c>,<urn:uuid:5d4a712e-374b-40e5-bca7-3987a58b199a>,<urn:uuid:064777e4-515b-4f43-80f9-ad16537b1ff4>,<urn:uuid:53d507c3-f7c2-4157-a9a0-9b07fc104709>
304,<urn:uuid:f6ddc763-1dcc-4bd8-a561-764a42dcaf8b>,<urn:uuid:f6ddc763-1dcc-4bd8-a561-764a42dcaf8b>,<urn:uuid:e98b5ff3-82cf-44b0-a859-98402d638c33>,<urn:uuid:7d089cac-7955-4a34-910e-ac56d9bf1791>,<urn:uuid:11ae8d96-500a-4c2d-8e4c-55bdb9c9f0fc>
305,<urn:uuid:24bd1f08-74b6-4bf1-9dc8-c18b13060263>,<urn:uuid:24bd1f08-74b6-4bf1-9dc8-c18b13060263>,<urn:uuid:4808cb7f-9831-49b4-9a03-7e59ad314629>,<urn:uuid:99eb351f-d2b3-45ed-9ec7-cf061b12ebed>,<urn:uuid:b71548a9-7676-4547-82a9-4ea6d1a91415>
306,<urn:uuid:b08ba79d-212a-4c31-abc2-4b37382a413a>,<urn:uuid:b08ba79d-212a-4c31-abc2-4b37382a413a>,<urn:uuid:d1afc1ab-8aa1-4bc0-8f9e-6ae9ced51edc>,<urn:uuid:84445423-21d0-408e-afa0-8fc0cee40d54>,<urn:uuid:82c1692c-47e6-4a2d-9337-9bfbb523d2c6>
307,<urn:uuid:a1e90dd4-1f42-42f4-8476-744000790b46>,<urn:uuid:a1e90dd4-1f42-42f4-8476-744000790b46>,<urn:uuid:984a42a2-3e6b-4d39-83ce-5856bb0d0d29>,<urn:uuid:87f961ab-c325-4054-9760-16d9b2388bb2>,<urn:uuid:790b23e1-bb06-4c74-a461-14a13bac7022>
308,<urn:uuid:73f8c06e-56ce-4ff2-bbc8-2f64b05879e7>,<urn:uuid:73f8c06e-56ce-4ff2-bbc8-2f64b05879e7>,<urn:uuid:c599a502-c2a7-4f11-bf72-0c2c2fb88534>,<urn:uuid:070e94ee-f526-4b22-ba13-f68bc6423a40>,<urn:uuid:9e83252d-da78-4cc4-869f-b21630166fe1>
309,<urn:uuid:9652fa03-2eeb-460d-bce1-799e4295a75c>,<urn:uuid:9652fa03-2eeb-460d-bce1-799e4295a75c>,<urn:uuid:070e94ee-f526-4b22-ba13-f68bc6423a40>,<urn:uuid:8cabc739-c6ab-4168-b1da-2c963318cbe8>,<urn:uuid:bc7f40c7-9498-47df-9f0b-cb8c1ce6227f>
310,<urn:uuid:765dc1e6-e803-429e-b5ea-56b2eebb4010>,<urn:uuid:765dc1e6-e803-429e-b5ea-56b2eebb4010>,<urn:uuid:0cee5102-6622-4d3b-a733-874c54a23ef3>,<urn:uuid:588a5c34-4265-47e9-acce-20ed97b10ab8>,<urn:uuid:9e141a4f-572f-4b03-9c21-048cc99dbf26>
311,<urn:uuid:e7b2e976-6f8f-4103-bb4b-2ab1c74f77ff>,<urn:uuid:ddf4e68e-0c83-4501-8c09-a14d4b331f20>,<urn:uuid:7fbcb38a-b418-4b23-8793-fb956b102d5e>,<urn:uuid:09c6a0ef-464b-454f-8dc9-f4c62fd515f6>,<urn:uuid:d65c285d-e090-49b8-8694-dc9f91b2a708>
312,<urn:uuid:3858a57d-1fdd-4d57-8a84-fc51d0fb40b1>,<urn:uuid:3858a57d-1fdd-4d57-8a84-fc51d0fb40b1>,<urn:uuid:4648fddd-4625-47a8-a524-31a8edbe9244>,<urn:uuid:3204b735-7db3-4246-8e9f-e7e80a379234>,<urn:uuid:3d21b5ee-5cbb-45e4-92f9-a1c6f2d09a5a>
313,<urn:uuid:11ae8d96-500a-4c2d-8e4c-55bdb9c9f0fc>,<urn:uuid:11ae8d96-500a-4c2d-8e4c-55bdb9c9f0fc>,<urn:uuid:517bcb1f-eb7c-4719-8ab7-b38a3385189a>,<urn:uuid:7e9f6f73-5584-4e8a-a747-dee69d10b753>,<urn:uuid:2224bf3b-d89b-4f3a-9380-a6d5c4a1d9c1>
314,<urn:uuid:e39bd418-ea1d-4599-b963-b116bdc38a15>,<urn:uuid:e39bd418-ea1d-4599-b963-b116bdc38a15>,<urn:uuid:790b23e1-bb06-4c74-a461-14a13bac7022>,<urn:uuid:1d57d786-74b9-4c01-9113-83c3411f7da5>,<urn:uuid:42ae24ce-dc04-4b1e-b0a8-ff18c900fae1>
315,<urn:uuid:6b3fb491-ac15-4719-bff8-4039260af2ab>,<urn:uuid:6b3fb491-ac15-4719-bff8-4039260af2ab>,<urn:uuid:21e6567b-8d54-4896-8b7a-05a0c5e27470>,<urn:uuid:2239f084-5a78-419f-83e2-f2a3903b00a5>,<urn:uuid:1bc9c986-8a90-4a07-844e-eb0333f2bbfe>
316,<urn:uuid:41183e6a-f3c2-4ff3-8e49-9a53b9c2365c>,<urn:uuid:41183e6a-f3c2-4ff3-8e49-9a53b9c2365c>,<urn:uuid:5df7081e-a1a2-44fa-b75d-d22fb1b4246a>,<urn:uuid:46964b3c-df50-4a66-8fd5-bee01e5f96f9>,<urn:uuid:821308bb-e50d-4765-840f-baf20ba50181>
317,<urn:uuid:425815cc-a409-4757-89a4-0262d416b61a>,<urn:uuid:425815cc-a409-4757-89a4-0262d416b61a>,<urn:uuid:af48b556-3c27-4289-97fe-99de7f8acb96>,<urn:uuid:ede4afce-981a-4e15-8e10-936ec63e2513>,<urn:uuid:9600e10a-b872-4740-bf42-c064963b4e1b>
318,<urn:uuid:edfa3862-8d88-4b50-96e9-3b415f785574>,<urn:uuid:edfa3862-8d88-4b50-96e9-3b415f785574>,<urn:uuid:1c0b6040-6699-46f3-b6a6-057082029af3>,<urn:uuid:4ae96647-c3fd-46c4-ab32-13d3630a4273>,<urn:uuid:f58aca81-b1b2-4bd4-9e3f-bdaca9036766>
319,<urn:uuid:fb05bcf1-4145-455f-90bd-f925fb948bd6>,<urn:uuid:fb05bcf1-4145-455f-90bd-f925fb948bd6>,<urn:uuid:43d4723f-6855-4632-8162-ff12297a89dd>,<urn:uuid:92e076f7-da76-4b86-b76c-44c756a3e2b1>,<urn:uuid:69e31766-f4d2-4d53-ba0d-9f61efd4c4a0>
320,<urn:uuid:2cdefe78-2025-41b5-90ab-32349fb57aa8>,<urn:uuid:2cdefe78-2025-41b5-90ab-32349fb57aa8>,<urn:uuid:4c791b02-8a34-4242-8c01-580391e19ffd>,<urn:uuid:806eb77f-bb77-4e96-a56d-d1fd91fd2f82>,<urn:uuid:31b350ac-618f-4bac-a377-0c4cae0f45fa>
321,<urn:uuid:75800a39-25ef-4913-9490-94851b5353da>,<urn:uuid:75800a39-25ef-4913-9490-94851b5353da>,<urn:uuid:338d49ba-4d0f-4ecc-8f20-a8534eeb09ce>,<urn:uuid:d4f0dbad-dcbe-49cc-8627-00e960c5606a>,<urn:uuid:25ec1d63-5013-4a24-9063-5d9ffb49d600>
322,<urn:uuid:e80d017a-95cb-4a13-b9bb-6c878cbf9836>,<urn:uuid:e80d017a-95cb-4a13-b9bb-6c878cbf9836>,<urn:uuid:f51b7649-f487-4fe1-9fd4-957f28f8bc2b>,<urn:uuid:80f5e51f-9ef5-4415-854f-7cb5b9c900bd>,<urn:uuid:4fed4e00-ba4c-493d-9baf-9e9ac9df2b02>
323,<urn:uuid:4b752cf2-17dc-4097-afc0-11cd1f3145ac>,<urn:uuid:4b752cf2-17dc-4097-afc0-11cd1f3145ac>,<urn:uuid:90aa48c3-d93d-4673-a092-753f0f722d1b>,<urn:uuid:618b59ca-9661-450d-987b-a6980370c8f6>,<urn:uuid:436c1195-78a1-4bc9-accf-def5a1130255>
324,<urn:uuid:025de485-338f-4924-b784-cc4be7342240>,<urn:uuid:76d9b291-9ca0-42f0-b016-4caddd82b406>,<urn:uuid:0d5422f6-604c-442c-bf03-999bd6c409ce>,<urn:uuid:4648fddd-4625-47a8-a524-31a8edbe9244>,<urn:uuid:ab89cf82-4e97-4b48-b114-8d9ec99b673b>
325,<urn:uuid:48adf9c7-14a4-4209-b96d-9383b08fc54d>,<urn:uuid:48adf9c7-14a4-4209-b96d-9383b08fc54d>,<urn:uuid:8ed08128-44b7-4def-b605-1e155c4ae1f8>,<urn:uuid:1b3e2476-9072-4da9-93ef-317c6568e467>,<urn:uuid:984a42a2-3e6b-4d39-83ce-5856bb0d0d29>
326,<urn:uuid:cb672a8f-eae8-4e2d-bd5d-64ac367889b5>,<urn:uuid:cb672a8f-eae8-4e2d-bd5d-64ac367889b5>,<urn:uuid:8ef8f7c1-8b40-434a-bdc1-b993ec5bdd41>,<urn:uuid:9fd458c9-06d9-43cb-9638-5f33773cfcf0>,<urn:uuid:9aa655f5-715f-4e05-9a54-49d2919c60a6>
327,<urn:uuid:f63777c6-8612-4ae2-ba24-8fbbfc0c55ef>,<urn:uuid:f63777c6-8612-4ae2-ba24-8fbbfc0c55ef>,<urn:uuid:09d7a279-5458-402a-8d31-18cb08bea5d3>,<urn:uuid:6ebae4be-0735-4981-9f7d-c05c82961eb1>,<urn:uuid:34850146-ec74-43a7-aec6-38fb14b423bd>
328,<urn:uuid:b902fbc3-ed0d-4476-9afe-dbb5c9eeb65a>,<urn:uuid:b902fbc3-ed0d-4476-9afe-dbb5c9eeb65a>,<urn:uuid:04c19a84-23f6-423c-9d3b-9be04cafc8d0>,<urn:uuid:6be3f26d-95fe-4921-a98e-44b2c665dbfd>,<urn:uuid:0d5422f6-604c-442c-bf03-999bd6c409ce>
329,<urn:uuid:89e93754-b8fd-4e69-9623-00f500abc6a9>,<urn:uuid:89e93754-b8fd-4e69-9623-00f500abc6a9>,<urn:uuid:0b913660-02b4-4b7a-9d89-254aea902603>,<urn:uuid:41155354-939f-4f71-9294-fe231f77500a>,<urn:uuid:8c5a13a6-de84-43df-8952-e39e5e94f650>
330,<urn:uuid:73465f65-8039-4efa-b174-5fe43937bba6>,<urn:uuid:73465f65-8039-4efa-b174-5fe43937bba6>,<urn:uuid:0fe1e3e8-b585-41ff-b045-e43b0754d964>,<urn:uuid:6dc0921d-94e4-49ff-a0aa-5c4c73e0d9bb>,<urn:uuid:99b8e197-7887-408e-a073-cff489a9dee1>
331,<urn:uuid:719b9fbf-dad0-4efb-95fc-e1c84651adb5>,<urn:uuid:719b9fbf-dad0-4efb-95fc-e1c84651adb5>,<urn:uuid:fa543414-fed9-43bb-96f4-08b182deec73>,<urn:uuid:ac3499d8-2de2-4986-be9e-3d30184bd67e>,<urn:uuid:a50dae77-dd33-4f9e-8c1c-2af030a5a1e8>
332,<urn:uuid:650c023a-0279-49bf-9e1f-14c39d02dcb9>,<urn:uuid:650c023a-0279-49bf-9e1f-14c39d02dcb9>,<urn:uuid:508996e1-eaef-4bb4-b6d2-272ca669de90>,<urn:uuid:df9b09a3-f4b1-4c1a-adae-52933639c259>,<urn:uuid:bc779185-6df4-4707-8879-8d09f5458744>
333,<urn:uuid:13c38411-12eb-470f-822f-c509ff0c0629>,<urn:uuid:09d7a279-5458-402a-8d31-18cb08bea5d3>,<urn:uuid:6c046db2-53ef-4ec4-9ae0-5ec126130f89>,<urn:uuid:a6ce6962-4434-4238-b3c3-62b5b1051c34>,<urn:uuid:10c01d03-3ff3-452b-8e30-6796458583f0>
334,<urn:uuid:5951f673-626f-460f-aac2-86b119555446>,<urn:uuid:5951f673-626f-460f-aac2-86b119555446>,<urn:uuid:8a844a25-e837-46e5-ade0-f811e58d5ef7>,<urn:uuid:77cabf9d-0fe6-4891-a21f-60556c0428df>,<urn:uuid:b902fbc3-ed0d-4476-9afe-dbb5c9eeb65a>
335,<urn:uuid:3f61badb-188a-4ba4-9874-4697cfb9ea38>,<urn:uuid:3f61badb-188a-4ba4-9874-4697cfb9ea38>,<urn:uuid:796746ad-8b10-4480-b4fe-285f33589414>,<urn:uuid:6d4b24c5-93d9-4db9-9787-d4eaf6d93783>,<urn:uuid:070e94ee-f526-4b22-ba13-f68bc6423a40>
336,<urn:uuid:d65817c3-ff16-4dfb-b21e-e85acda64933>,<urn:uuid:10817716-9b2d-49f1-a38e-ec10ba80180f>,<urn:uuid:412f36e6-0d20-4fd1-8799-ebb467da7de5>,<urn:uuid:4f5925e1-6466-4140-9ef4-b2d40492bae1>,<urn:uuid:ac9ff2f2-2b88-4849-9aad-a65bc9a946dc>
337,<urn:uuid:42890db0-bb22-4f94-a369-916bd3f9c180>,<urn:uuid:42890db0-bb22-4f94-a369-916bd3f9c180>,<urn:uuid:412f36e6-0d20-4fd1-8799-ebb467da7de5>,<urn:uuid:e0e4fcda-cab8-454c-93ba-472547376599>,<urn:uuid:969973e2-30db-4284-ba29-214a38330397>
338,<urn:uuid:0bbe1ed1-7019-44d2-b730-3f7b9dd7b119>,<urn:uuid:0bbe1ed1-7019-44d2-b730-3f7b9dd7b119>,<urn:uuid:0d76d68c-abd7-4598-b723-10eaed821cff>,<urn:uuid:075321c8-9f61-416a-bc27-a43b920544a5>,<urn:uuid:2f98d6d2-bdd5-46a7-9ca6-48d4aa618056>
339,<urn:uuid:de7d2729-c24e-416f-a536-4203a5362f25>,<urn:uuid:de7d2729-c24e-416f-a536-4203a5362f25>,<urn:uuid:9f2eefaa-f63b-4179-bfbb-110f286cfb37>,<urn:uuid:13c38411-12eb-470f-822f-c509ff0c0629>,<urn:uuid:032153b8-ec2b-4588-b4c5-757bb150b3fb>
340,<urn:uuid:969973e2-30db-4284-ba29-214a38330397>,<urn:uuid:969973e2-30db-4284-ba29-214a38330397>,<urn:uuid:40d7296d-8705-4d4d-86ee-4794480b2857>,<urn:uuid:9237fdff-408a-4603-a4d1-c8189a6506c7>,<urn:uuid:0343641e-2036-4d98-845e-3f6bda99e5c7>
341,<urn:uuid:21e6567b-8d54-4896-8b7a-05a0c5e27470>,<urn:uuid:21e6567b-8d54-4896-8b7a-05a0c5e27470>,<urn:uuid:806eb77f-bb77-4e96-a56d-d1fd91fd2f82>,<urn:uuid:3d92d28b-3fff-466d-905f-8f4649ec2166>,<urn:uuid:a801082a-4114-4f38-90e1-84893cd27f82>
342,<urn:uuid:558e6e68-2bfd-4d43-bb52-e85cea04f55f>,<urn:uuid:558e6e68-2bfd-4d43-bb52-e85cea04f55f>,<urn:uuid:0b5edab2-60a4-4c1f-9869-96c07e47a98e>,<urn:uuid:5cac3cdc-f2c7-47f0-bd56-c50a9741fe0b>,<urn:uuid:a2bc9813-3c5a-4302-9ee7-04935a5f5749>
343,<urn:uuid:88bf712a-392b-4d16-a61a-c2a43fd2f174>,<urn:uuid:67fa6194-1d19-4c3b-97f1-6c9240a5525f>,<urn:uuid:88bf712a-392b-4d16-a61a-c2a43fd2f174>,<urn:uuid:15dfc4b2-5a9b-4615-a25f-987b263355f1>,<urn:uuid:a385aac1-a6d7-40dc-ae6e-3e585d1f5237>
344,<urn:uuid:ff0b6a5d-d4eb-4214-91de-b81d18a871d1>,<urn:uuid:ff0b6a5d-d4eb-4214-91de-b81d18a871d1>,<urn:uuid:31cffbb1-a5a1-4389-a91a-2a813fb609ba>,<urn:uuid:b232c6cc-58a0-48ca-ba5e-626878bebbf2>,<urn:uuid:afeb019e-27e1-460c-a5be-4abece6d0fd4>
345,<urn:uuid:ce6a52b8-f507-4099-aa91-a55ad34c088b>,<urn:uuid:ce6a52b8-f507-4099-aa91-a55ad34c088b>,<urn:uuid:65fdef64-6a10-4c38-b52e-cd2b6dbcd4b3>,<urn:uuid:de21c854-2b3d-4f03-83d9-40bd0130c1a1>,<urn:uuid:f8fe4a00-02b8-4ad8-a24a-997ee3eed80f>
346,<urn:uuid:568cfb5b-4d16-4199-a6b2-35a0e1c661b6>,<urn:uuid:568cfb5b-4d16-4199-a6b2-35a0e1c661b6>,<urn:uuid:1b5e4271-0369-4c27-9709-03a14714d0a7>,<urn:uuid:ff6eb22d-7aa2-41a5-83b9-3ea969d4b050>,<urn:uuid:56ac4dd1-8434-4de6-bc4b-e2cb916b9cb2>
347,<urn:uuid:b6720cc2-ddbf-4127-8dcf-e8915ece3ed3>,<urn:uuid:b6720cc2-ddbf-4127-8dcf-e8915ece3ed3>,<urn:uuid:a4ca9bde-4e8f-4dc3-9e5c-262e6a811be9>,<urn:uuid:7326cf69-cde1-45db-b87f-231b48f040bf>,<urn:uuid:17214060-f356-4582-ac19-e5b598eaa994>
348,<urn:uuid:44350e1a-37d7-43a7-9e98-1cb587039c8c>,<urn:uuid:44350e1a-37d7-43a7-9e98-1cb587039c8c>,<urn:uuid:f51b7649-f487-4fe1-9fd4-957f28f8bc2b>,<urn:uuid:e80d017a-95cb-4a13-b9bb-6c878cbf9836>,<urn:uuid:1ddee2ef-6bc3-47ce-82a2-bda9d0e0b70a>
349,<urn:uuid:b38d89b7-8b33-4f22-b7fc-81fea69fea23>,<urn:uuid:b38d89b7-8b33-4f22-b7fc-81fea69fea23>,<urn:uuid:984a42a2-3e6b-4d39-83ce-5856bb0d0d29>,<urn:uuid:11ae8d96-500a-4c2d-8e4c-55bdb9c9f0fc>,<urn:uuid:698b5e61-fc66-4d0d-90d7-a5dab9555dee>
350,<urn:uuid:72ad3fa4-7c97-4efa-8858-fb17cd3339f1>,<urn:uuid:eb349f39-b20a-48ba-b501-982b34724dad>,<urn:uuid:72ad3fa4-7c97-4efa-8858-fb17cd3339f1>,<urn:uuid:2d0c6175-cad6-44a8-8900-d701106febd9>,<urn:uuid:22b27f1c-f3e7-4629-b6a5-dda7fe40f3e0>
351,<urn:uuid:71c662cc-a33a-4ec3-9e95-552fad6886be>,<urn:uuid:71c662cc-a33a-4ec3-9e95-552fad6886be>,<urn:uuid:9c8e954a-a9af-40b3-abc4-b8d149a16d39>,<urn:uuid:e37e8187-c904-4ec2-83f0-05efce0121ce>,<urn:uuid:0bbe1ed1-7019-44d2-b730-3f7b9dd7b119>
352,<urn:uuid:55b8a973-6f29-4d48-9c58-c522c3ac9978>,<urn:uuid:55b8a973-6f29-4d48-9c58-c522c3ac9978>,<urn:uuid:0768bee1-530f-4ece-994a-bbdf8fedba02>,<urn:uuid:fd69943a-06ea-4a8b-84ed-ba20e6ad1c8a>,<urn:uuid:a512ff92-05ad-4fc5-a8a4-29eb4dcaceda>
353,<urn:uuid:2daea787-bda2-446b-a465-e5cecf06820c>,<urn:uuid:2daea787-bda2-446b-a465-e5cecf06820c>,<urn:uuid:b1284cd5-8760-4098-b998-9099fd25eb23>,<urn:uuid:5da7fca9-6142-4256-a254-02897c043dce>,<urn:uuid:92e076f7-da76-4b86-b76c-44c756a3e2b1>
354,<urn:uuid:62d362eb-9aa4-47fa-b861-d5cb5e7fd460>,<urn:uuid:77cabf9d-0fe6-4891-a21f-60556c0428df>,<urn:uuid:62d362eb-9aa4-47fa-b861-d5cb5e7fd460>,<urn:uuid:2f98d6d2-bdd5-46a7-9ca6-48d4aa618056>,<urn:uuid:0f7e368f-05fc-4bc8-8b22-b60e996e191f>
355,<urn:uuid:afeb019e-27e1-460c-a5be-4abece6d0fd4>,<urn:uuid:afeb019e-27e1-460c-a5be-4abece6d0fd4>,<urn:uuid:8ef8f7c1-8b40-434a-bdc1-b993ec5bdd41>,<urn:uuid:a512ff92-05ad-4fc5-a8a4-29eb4dcaceda>,<urn:uuid:05a62ba5-47cc-4e94-a9d1-4b3dab2f206a>
356,<urn:uuid:e8afa35b-779a-4763-bc4c-0829a7f35d3c>,<urn:uuid:e8afa35b-779a-4763-bc4c-0829a7f35d3c>,<urn:uuid:f8035fac-dd50-4666-8bb6-b7f224f82571>,<urn:uuid:0c070a31-b372-417f-8b31-da4866ae2e0f>,<urn:uuid:65c61e1e-b8b6-4b64-a2b7-31f58202b66a>
357,<urn:uuid:2cdc65bd-3a17-4292-a574-11aadb5ce593>,<urn:uuid:f58aca81-b1b2-4bd4-9e3f-bdaca9036766>,<urn:uuid:2cdc65bd-3a17-4292-a574-11aadb5ce593>,<urn:uuid:ef6ab3a9-51fa-4458-bfa0-fabe708deb81>,<urn:uuid:afa814c7-314d-4c61-9f26-1913a9080ae7>
358,<urn:uuid:480a882d-be85-4fd4-a251-3cece9e0fe22>,<urn:uuid:480a882d-be85-4fd4-a251-3cece9e0fe22>,<urn:uuid:5461107b-b582-4881-a921-2bb44d06c006>,<urn:uuid:9486e766-d44c-4c84-bc22-06ff857cac92>,<urn:uuid:568cfb5b-4d16-4199-a6b2-35a0e1c661b6>
359,<urn:uuid:6c6e78b2-8fed-4796-afa2-93bb92d47fd0>,<urn:uuid:6c6e78b2-8fed-4796-afa2-93bb92d47fd0>,<urn:uuid:e8f79e7f-6d77-4de3-a284-418937a87cf4>,<urn:uuid:064777e4-515b-4f43-80f9-ad16537b1ff4>,<urn:uuid:6ebae4be-0735-4981-9f7d-c05c82961eb1>
360,<urn:uuid:0cee5102-6622-4d3b-a733-874c54a23ef3>,<urn:uuid:0cee5102-6622-4d3b-a733-874c54a23ef3>,<urn:uuid:245c44ae-121f-48da-896e-6a6b6f31b298>,<urn:uuid:0d5422f6-604c-442c-bf03-999bd6c409ce>,<urn:uuid:b71548a9-7676-4547-82a9-4ea6d1a91415>
361,<urn:uuid:43e5a9ea-bb4c-4f9c-a8a8-37d8ade29b16>,<urn:uuid:43e5a9ea-bb4c-4f9c-a8a8-37d8ade29b16>,<urn:uuid:a3a65e76-f025-437e-a36e-ccaf51e8159e>,<urn:uuid:69e62ade-c4c7-49da-a276-f3980cfb0ef8>,<urn:uuid:bf48773d-3366-4e64-9678-32571c52e82a>
362,<urn:uuid:f134c058-bdb4-44f6-a27f-6e6c22582585>,<urn:uuid:f134c058-bdb4-44f6-a27f-6e6c22582585>,<urn:uuid:a6ce6962-4434-4238-b3c3-62b5b1051c34>,<urn:uuid:8fa1785b-cc77-4434-a30a-66f84a372441>,<urn:uuid:4145d52c-a593-437c-badc-9b3045652b62>
363,<urn:uuid:e8126fa3-59e8-483c-9996-12e6fa64d050>,<urn:uuid:8ed08128-44b7-4def-b605-1e155c4ae1f8>,<urn:uuid:e8126fa3-59e8-483c-9996-12e6fa64d050>,<urn:uuid:e0e4fcda-cab8-454c-93ba-472547376599>,<urn:uuid:c69bcacb-a2a8-4056-8cca-8bde8e233807>
364,<urn:uuid:a8c01e1e-3d31-4149-bd44-ad7e81516857>,<urn:uuid:f8809a25-0cea-423e-96f8-ac4fea52e9c7>,<urn:uuid:2cdefe78-2025-41b5-90ab-32349fb57aa8>,<urn:uuid:02f34621-8637-45e1-914b-c5c135461cae>,<urn:uuid:063337b6-d31a-4e3f-9509-78427a72fd1a>
365,<urn:uuid:ee8daf7c-b49c-4888-abf6-029d7e56992b>,<urn:uuid:ee8daf7c-b49c-4888-abf6-029d7e56992b>,<urn:uuid:46964b3c-df50-4a66-8fd5-bee01e5f96f9>,<urn:uuid:53f462df-513e-48df-9141-9c5ecbec9ad4>,<urn:uuid:26d98921-b464-4012-bfa8-c31ac34cc906>
366,<urn:uuid:78dc04e0-8123-4f6c-a30c-f4c69bade622>,<urn:uuid:78dc04e0-8123-4f6c-a30c-f4c69bade622>,<urn:uuid:65fdef64-6a10-4c38-b52e-cd2b6dbcd4b3>,<urn:uuid:001dc035-9f76-448f-a37d-b61d9d68ff4d>,<urn:uuid:aae1f819-60e6-4629-98a6-c345b6c5a7f9>
367,<urn:uuid:745fb3b4-23b1-469d-b021-2915172d76af>,<urn:uuid:745fb3b4-23b1-469d-b021-2915172d76af>,<urn:uuid:3f7ce126-c92d-41e3-9e23-587e0d52e2fe>,<urn:uuid:5e6a6d28-6408-45ba-96d9-d96b1f6d0f4b>,<urn:uuid:a370c8ad-1fd8-48a5-8335-c91cae4370d9>
368,<urn:uuid:2ae0e9c6-44f3-40b9-be7b-ff9f07088bf7>,<urn:uuid:d9608836-8c59-406c-953d-371ce215d88b>,<urn:uuid:7326cf69-cde1-45db-b87f-231b48f040bf>,<urn:uuid:80f5e51f-9ef5-4415-854f-7cb5b9c900bd>,<urn:uuid:bc779185-6df4-4707-8879-8d09f5458744>
369,<urn:uuid:cac2b264-fbc1-4ef6-b3d3-9f98f58a1049>,<urn:uuid:cac2b264-fbc1-4ef6-b3d3-9f98f58a1049>,<urn:uuid:23cb8492-bd02-41b7-8519-5ab4a02d6c0c>,<urn:uuid:d3384eae-623e-44ae-af1e-7f894001ae05>,<urn:uuid:ff62a317-723e-443c-b8c8-6f7364101670>
370,<urn:uuid:eb349f39-b20a-48ba-b501-982b34724dad>,<urn:uuid:eb349f39-b20a-48ba-b501-982b34724dad>,<urn:uuid:984a42a2-3e6b-4d39-83ce-5856bb0d0d29>,<urn:uuid:3e1e1b93-b8f0-4619-9484-d26d10d3db3e>,<urn:uuid:f11de6e1-c12d-4439-8983-352c705a9aad>
371,<urn:uuid:bc779185-6df4-4707-8879-8d09f5458744>,<urn:uuid:bc779185-6df4-4707-8879-8d09f5458744>,<urn:uuid:0b913660-02b4-4b7a-9d89-254aea902603>,<urn:uuid:821308bb-e50d-4765-840f-baf20ba50181>,<urn:uuid:2077be6c-8d82-4caa-a627-ced47c570ddc>
372,<urn:uuid:1a9c545e-40ac-4658-aed8-576ed04578af>,<urn:uuid:1a9c545e-40ac-4658-aed8-576ed04578af>,<urn:uuid:a512ff92-05ad-4fc5-a8a4-29eb4dcaceda>,<urn:uuid:ea9f9f2d-ec95-4b86-a017-a0f8f4c1fee7>,<urn:uuid:93add79e-45f7-4a8e-bcf6-e992d1cd25f9>
373,<urn:uuid:4786481c-5753-45b0-8bda-dc80eead183f>,<urn:uuid:4786481c-5753-45b0-8bda-dc80eead183f>,<urn:uuid:7ae22286-45b0-44f8-b490-3316375fa66f>,<urn:uuid:9656eee8-857d-4478-8b53-f6e968246595>,<urn:uuid:d65c285d-e090-49b8-8694-dc9f91b2a708>
374,<urn:uuid:eff080ef-f673-4d1e-ab34-0391eda1bdef>,<urn:uuid:eff080ef-f673-4d1e-ab34-0391eda1bdef>,<urn:uuid:931cd5e1-5993-43ce-9113-cc5630c66b66>,<urn:uuid:46c4d410-ea0c-444e-a763-df75f89bf24f>,<urn:uuid:1613e116-a6d3-493f-b75a-c5360debe2f1>
375,<urn:uuid:772463f8-cb3d-41e8-8f74-5fce138570a3>,<urn:uuid:772463f8-cb3d-41e8-8f74-5fce138570a3>,<urn:uuid:09d7a279-5458-402a-8d31-18cb08bea5d3>,<urn:uuid:e8126fa3-59e8-483c-9996-12e6fa64d050>,<urn:uuid:c69bcacb-a2a8-4056-8cca-8bde8e233807>
376,<urn:uuid:539e588c-2d0b-46dc-83e9-e4ba27674cd4>,<urn:uuid:e3e7cb81-0879-4a99-bdb0-c3856dbae474>,<urn:uuid:539e588c-2d0b-46dc-83e9-e4ba27674cd4>,<urn:uuid:529877e9-064b-48ec-ab23-aac8cb3501f2>,<urn:uuid:f84ff98a-4094-466f-ae3f-288f548afd8d>
377,<urn:uuid:54e3f565-64ae-49cd-9a03-8b3423a479b9>,<urn:uuid:54e3f565-64ae-49cd-9a03-8b3423a479b9>,<urn:uuid:80b0b672-e885-442d-ad2c-9fc8d493e9ba>,<urn:uuid:6c69eb5f-4049-4c40-bcb8-08f3bdd10945>,<urn:uuid:a3229ee2-39a2-4581-bda3-dad71a9a5239>
378,<urn:uuid:d16cbf7b-5a82-4cf5-91e7-efe6991ac8c5>,<urn:uuid:d16cbf7b-5a82-4cf5-91e7-efe6991ac8c5>,<urn:uuid:969973e2-30db-4284-ba29-214a38330397>,<urn:uuid:15dfc4b2-5a9b-4615-a25f-987b263355f1>,<urn:uuid:8cabc739-c6ab-4168-b1da-2c963318cbe8>
379,<urn:uuid:0c7c98ec-6046-47e7-9aed-c8418915de6d>,<urn:uuid:0c7c98ec-6046-47e7-9aed-c8418915de6d>,<urn:uuid:41155354-939f-4f71-9294-fe231f77500a>,<urn:uuid:927a420a-f74c-4c15-b9bb-083cab3a08e3>,<urn:uuid:a9250054-2cdb-41e7-b61f-194f7efe5a32>
380,<urn:uuid:06e56b57-27ed-41e8-b1b7-c86f05b7278d>,<urn:uuid:06e56b57-27ed-41e8-b1b7-c86f05b7278d>,<urn:uuid:95479dfb-3efd-4235-9bb8-4bfb98caab4f>,<urn:uuid:f84ff98a-4094-466f-ae3f-288f548afd8d>,<urn:uuid:3e1e1b93-b8f0-4619-9484-d26d10d3db3e>
381,<urn:uuid:db8f2bc0-e242-4114-89fa-f6b514243830>,<urn:uuid:db8f2bc0-e242-4114-89fa-f6b514243830>,<urn:uuid:11d45db7-4698-433d-ac97-b1b4c469678a>,<urn:uuid:503e501d-cd62-4ff4-ac77-4fcf156718e6>,<urn:uuid:4669bf77-a593-4e98-9128-5b18c4868933>
382,<urn:uuid:c2f00533-78ee-4b29-8c7f-7fda3660dbd9>,<urn:uuid:8d59f3e3-dfcf-457c-bd26-4e10022e6bf0>,<urn:uuid:011ec9a9-a91b-42b9-bdab-e59200890b1e>,<urn:uuid:558e6e68-2bfd-4d43-bb52-e85cea04f55f>,<urn:uuid:7d6e5539-f2f8-4db9-801e-fe4f685dac3d>
383,<urn:uuid:ac3499d8-2de2-4986-be9e-3d30184bd67e>,<urn:uuid:ac3499d8-2de2-4986-be9e-3d30184bd67e>,<urn:uuid:15fe7c56-5100-46b1-be80-1344b2214c8c>,<urn:uuid:4145d52c-a593-437c-badc-9b3045652b62>,<urn:uuid:c2b889a5-3336-43c5-b957-1c3d531be5ef>
384,<urn:uuid:f51b7649-f487-4fe1-9fd4-957f28f8bc2b>,<urn:uuid:f51b7649-f487-4fe1-9fd4-957f28f8bc2b>,<urn:uuid:db8f2bc0-e242-4114-89fa-f6b514243830>,<urn:uuid:71f22731-906e-4f77-a463-69342c687e79>,<urn:uuid:47a9595e-15aa-4996-b030-9c436f9899c6>
385,<urn:uuid:dec2d6a0-4493-4f2e-80b3-32d41daf74b0>,<urn:uuid:dec2d6a0-4493-4f2e-80b3-32d41daf74b0>,<urn:uuid:7326cf69-cde1-45db-b87f-231b48f040bf>,<urn:uuid:43d4723f-6855-4632-8162-ff12297a89dd>,<urn:uuid:04f05882-a2e6-47dd-a405-11599870ff8d>
386,<urn:uuid:3ad1da62-664e-44f3-afa0-16a9151bf947>,<urn:uuid:3ad1da62-664e-44f3-afa0-16a9151bf947>,<urn:uuid:e85958e0-ba94-48be-ae4a-8824014ec144>,<urn:uuid:9f2eefaa-f63b-4179-bfbb-110f286cfb37>,<urn:uuid:fd8abdde-7ec5-4748-8660-c01243a82990>
387,<urn:uuid:97c14e87-ce5f-48d9-8a4d-53fae0b9c2b3>,<urn:uuid:97c14e87-ce5f-48d9-8a4d-53fae0b9c2b3>,<urn:uuid:8aacbb44-510c-4fb8-9e68-1f1f41281986>,<urn:uuid:3b843133-5a66-4a2b-996b-1798f3aa04fb>,<urn:uuid:0bbe1ed1-7019-44d2-b730-3f7b9dd7b119>
388,<urn:uuid:3f7ce126-c92d-41e3-9e23-587e0d52e2fe>,<urn:uuid:3f7ce126-c92d-41e3-9e23-587e0d52e2fe>,<urn:uuid:87d4bb49-a431-4a1a-95ba-078d90f1b772>,<urn:uuid:73465f65-8039-4efa-b174-5fe43937bba6>,<urn:uuid:1d37aeb0-690d-4d22-aeea-b7eb005b9291>
389,<urn:uuid:21dc8de4-8173-44a3-895f-e91cdb9cba4a>,<urn:uuid:21dc8de4-8173-44a3-895f-e91cdb9cba4a>,<urn:uuid:f6ddc763-1dcc-4bd8-a561-764a42dcaf8b>,<urn:uuid:a102a6cb-a608-493c-928f-d32a0da4dbf6>,<urn:uuid:46913150-7e2f-46d7-98c5-3e147e7952c9>
390,<urn:uuid:ef6ab3a9-51fa-4458-bfa0-fabe708deb81>,<urn:uuid:8e72c49d-8958-4e04-ac69-7f83d774ced7>,<urn:uuid:e0c77f4a-b344-4d30-9bbe-41acd115f071>,<urn:uuid:039a8593-b3b8-4d7a-8f0c-31070bb8acc4>,<urn:uuid:6f15e849-f12e-4a06-a4b6-6471a770a8d1>
391,<urn:uuid:8b3c861d-eb4d-4d2a-8837-9a4c9396cd7c>,<urn:uuid:8b3c861d-eb4d-4d2a-8837-9a4c9396cd7c>,<urn:uuid:e28c2a54-64e6-4400-8ee3-caa2180f5013>,<urn:uuid:da5fbfbc-693b-4063-870f-341601d3c77c>,<urn:uuid:09c6a0ef-464b-454f-8dc9-f4c62fd515f6>
392,<urn:uuid:1de03a6a-3c26-434f-a5c5-61bc4edd5aed>,<urn:uuid:1de03a6a-3c26-434f-a5c5-61bc4edd5aed>,<urn:uuid:a6cb741c-b14d-41bc-997b-a4a82fd474e0>,<urn:uuid:f0b26f1b-2df0-47ac-b064-8a7d3cd0f513>,<urn:uuid:8b3c861d-eb4d-4d2a-8837-9a4c9396cd7c>
393,<urn:uuid:ba6f4998-2920-425e-9828-32274e25f5c1>,<urn:uuid:ba6f4998-2920-425e-9828-32274e25f5c1>,<urn:uuid:b902fbc3-ed0d-4476-9afe-dbb5c9eeb65a>,<urn:uuid:4648fddd-4625-47a8-a524-31a8edbe9244>,<urn:uuid:9486e766-d44c-4c84-bc22-06ff857cac92>
394,<urn:uuid:1b73e67a-076c-4b70-bc46-80ca7fbd12d0>,<urn:uuid:9d7eb7ef-19c5-47b5-90f3-8a9387f7e9e7>,<urn:uuid:1b73e67a-076c-4b70-bc46-80ca7fbd12d0>,<urn:uuid:31cffbb1-a5a1-4389-a91a-2a813fb609ba>,<urn:uuid:69e62ade-c4c7-49da-a276-f3980cfb0ef8>
395,<urn:uuid:618b59ca-9661-450d-987b-a6980370c8f6>,<urn:uuid:618b59ca-9661-450d-987b-a6980370c8f6>,<urn:uuid:a3a875e2-30e0-4f04-ae40-5f7510a79f2f>,<urn:uuid:92e076f7-da76-4b86-b76c-44c756a3e2b1>,<urn:uuid:3858a57d-1fdd-4d57-8a84-fc51d0fb40b1>
396,<urn:uuid:7502d89f-fc21-441e-8b4c-cc380b6b6102>,<urn:uuid:7502d89f-fc21-441e-8b4c-cc380b6b6102>,<urn:uuid:0bbe1ed1-7019-44d2-b730-3f7b9dd7b119>,<urn:uuid:75188b20-3bb2-43bf-976d-f0d6f4b79858>,<urn:uuid:90fb6974-d958-4e94-bf6d-73b704250443>
397,<urn:uuid:14d97d9d-cf77-4721-8956-26067d7d57da>,<urn:uuid:14d97d9d-cf77-4721-8956-26067d7d57da>,<urn:uuid:df97e450-4ed9-4cf9-8a72-9fdc53e9d9a9>,<urn:uuid:85580cec-4569-4534-966f-4283d2d98ae2>,<urn:uuid:1ddee2ef-6bc3-47ce-82a2-bda9d0e0b70a>
398,<urn:uuid:43d474ec-65fb-4d16-87b6-559a43ff75a8>,<urn:uuid:43d474ec-65fb-4d16-87b6-559a43ff75a8>,<urn:uuid:f11de6e1-c12d-4439-8983-352c705a9aad>,<urn:uuid:ec44cd3d-348e-4187-b037-9ebc01c9653a>,<urn:uuid:b27e5516-d6fe-4b2b-91ba-70babd6754f9>
399,<urn:uuid:76488394-a2a3-4a2f-888e-f4cdc835a1d0>,<urn:uuid:76488394-a2a3-4a2f-888e-f4cdc835a1d0>,<urn:uuid:412f36e6-0d20-4fd1-8799-ebb467da7de5>,<urn:uuid:0b6258c3-fa05-483f-af91-cf208f0c07e3>,<urn:uuid:de21c854-2b3d-4f03-83d9-40bd0130c1a1>
400,<urn:uuid:12e21dd3-ba73-4b97-a10b-d3aa2cd10ea4>,<urn:uuid:12e21dd3-ba73-4b97-a10b-d3aa2cd10ea4>,<urn:uuid:09d7a279-5458-402a-8d31-18cb08bea5d3>,<urn:uuid:8f94e7c8-1b7c-400b-9e24-8bf329f21ca4>,<urn:uuid:063337b6-d31a-4e3f-9509-78427a72fd1a>
401,<urn:uuid:65763aaa-b441-4bc2-a234-ea1425e7eed4>,<urn:uuid:65763aaa-b441-4bc2-a234-ea1425e7eed4>,<urn:uuid:8893966e-2d71-479e-af31-2a2706f02a32>,<urn:uuid:d82eef60-b4ba-44ff-a858-dfe0f1714ee2>,<urn:uuid:558e6e68-2bfd-4d43-bb52-e85cea04f55f>
402,<urn:uuid:ac9ff2f2-2b88-4849-9aad-a65bc9a946dc>,<urn:uuid:ac9ff2f2-2b88-4849-9aad-a65bc9a946dc>,<urn:uuid:97f40d93-bec6-470d-baf9-7b1ac5b364ff>,<urn:uuid:8ed08128-44b7-4def-b605-1e155c4ae1f8>,<urn:uuid:b8e00c9c-bfdc-4590-a278-02bdffb18a26>
403,<urn:uuid:2648bc0a-aff0-4178-97e4-8cc039c78206>,<urn:uuid:2648bc0a-aff0-4178-97e4-8cc039c78206>,<urn:uuid:47a9595e-15aa-4996-b030-9c436f9899c6>,<urn:uuid:a102ba3e-e41f-4b60-bc6e-838aa3601ab9>,<urn:uuid:9fd458c9-06d9-43cb-9638-5f33773cfcf0>
404,<urn:uuid:cc52d17d-a967-489e-aa49-b1d2839f4bdb>,<urn:uuid:cc52d17d-a967-489e-aa49-b1d2839f4bdb>,<urn:uuid:cbc45080-3818-43b6-8d45-d26c9b0ce231>,<urn:uuid:b27ac209-40d4-4039-8b04-8eaed31274c4>,<urn:uuid:a08f785c-0710-4429-bbcd-16a9ca812176>
405,<urn:uuid:a8c734b1-e1ef-469b-a0b5-d9d7ab736245>,<urn:uuid:a8c734b1-e1ef-469b-a0b5-d9d7ab736245>,<urn:uuid:0d76d68c-abd7-4598-b723-10eaed821cff>,<urn:uuid:0b6258c3-fa05-483f-af91-cf208f0c07e3>,<urn:uuid:74a26fac-cff0-4435-82c0-35c8efceabd2>
406,<urn:uuid:8b77d61e-d882-4731-be9f-1a06eb06f418>,<urn:uuid:8b77d61e-d882-4731-be9f-1a06eb06f418>,<urn:uuid:1bbb4128-8498-45a3-8ee7-e6596eec6ef9>,<urn:uuid:f5cfc630-532e-4446-a5bc-ce33d9f16d88>,<urn:uuid:6355eb03-9d78-4c03-82fd-f913ffd3ba32>
407,<urn:uuid:23cb8492-bd02-41b7-8519-5ab4a02d6c0c>,<urn:uuid:23cb8492-bd02-41b7-8519-5ab4a02d6c0c>,<urn:uuid:df97e450-4ed9-4cf9-8a72-9fdc53e9d9a9>,<urn:uuid:2cf6c2dc-414c-4b96-84c0-e428d73f999d>,<urn:uuid:6dacc463-957a-466f-bfa9-3c4d7069b5ed>
408,<urn:uuid:c63b32e5-2acc-46cb-b2c7-787bec9c2b3f>,<urn:uuid:c63b32e5-2acc-46cb-b2c7-787bec9c2b3f>,<urn:uuid:da05571f-fc4e-49d4-86a4-a1e3517a0cbd>,<urn:uuid:a3ecdb60-0a0c-4cd1-9071-d92e769f907e>,<urn:uuid:23eacc15-895b-4ae6-ad2c-e679f20a7839>
409,<urn:uuid:ad118918-053b-4363-8ffd-5b04c8115ffd>,<urn:uuid:ad118918-053b-4363-8ffd-5b04c8115ffd>,<urn:uuid:e5c06a6d-e7c7-42c4-82ab-6f06f0971ea7>,<urn:uuid:9fd458c9-06d9-43cb-9638-5f33773cfcf0>,<urn:uuid:87abeb51-e6a6-4489-bf5f-67c57c678fa9>
410,<urn:uuid:70522b02-8ec5-4678-bc43-44c4f4a72ca8>,<urn:uuid:70522b02-8ec5-4678-bc43-44c4f4a72ca8>,<urn:uuid:8a228cc1-fb76-4995-8221-e0609f2b375b>,<urn:uuid:790b23e1-bb06-4c74-a461-14a13bac7022>,<urn:uuid:a50dae77-dd33-4f9e-8c1c-2af030a5a1e8>
411,<urn:uuid:741ccf7f-07ce-46df-81f9-e2f8172446c6>,<urn:uuid:741ccf7f-07ce-46df-81f9-e2f8172446c6>,<urn:uuid:909a8671-9a0a-40bf-b402-2aca7642b0d9>,<urn:uuid:ec44cd3d-348e-4187-b037-9ebc01c9653a>,<urn:uuid:b442c8f7-324e-4fd0-a3a4-ac21a43c3ede>
412,<urn:uuid:e03621b2-ab7b-408c-bd42-aa17f2dc3aed>,<urn:uuid:e03621b2-ab7b-408c-bd42-aa17f2dc3aed>,<urn:uuid:1a4946c4-7743-4e24-9de5-558b74c5ccc1>,<urn:uuid:8b77d61e-d882-4731-be9f-1a06eb06f418>,<urn:uuid:a512ff92-05ad-4fc5-a8a4-29eb4dcaceda>
413,<urn:uuid:62f21893-793f-4f92-8c9b-d68ff35b66bc>,<urn:uuid:62f21893-793f-4f92-8c9b-d68ff35b66bc>,<urn:uuid:a512ff92-05ad-4fc5-a8a4-29eb4dcaceda>,<urn:uuid:ffc8fbcc-8676-4747-bcc0-0ddef0e29323>,<urn:uuid:0cca6048-a333-46db-8414-2573b5f285b4>
414,<urn:uuid:2232cc5b-d317-4352-9af3-d5609b9bf0d2>,<urn:uuid:2232cc5b-d317-4352-9af3-d5609b9bf0d2>,<urn:uuid:0af2f69b-7861-455b-9fc9-6a25d394b1f1>,<urn:uuid:3b10a642-c263-4d3f-9369-720d56b8b397>,<urn:uuid:4f5925e1-6466-4140-9ef4-b2d40492bae1>
415,<urn:uuid:57bf0d10-f72d-4a1e-96c2-9055414aa13b>,<urn:uuid:c1239047-2d99-458e-af8d-39b78ef6d9fc>,<urn:uuid:d83ded9e-cab9-4739-a47c-083ede2f7423>,<urn:uuid:5804d22e-bd40-448d-8384-fe6983447145>,<urn:uuid:969973e2-30db-4284-ba29-214a38330397>
416,<urn:uuid:a73baf85-7562-41b8-b377-4e3a9f5cff37>,<urn:uuid:a73baf85-7562-41b8-b377-4e3a9f5cff37>,<urn:uuid:f949f551-e27c-44db-9b21-0ef24e3392e0>,<urn:uuid:54c8435e-2fe9-448c-aec7-1099709943d3>,<urn:uuid:46964b3c-df50-4a66-8fd5-bee01e5f96f9>
417,<urn:uuid:1b5e4271-0369-4c27-9709-03a14714d0a7>,<urn:uuid:1b5e4271-0369-4c27-9709-03a14714d0a7>,<urn:uuid:12e21dd3-ba73-4b97-a10b-d3aa2cd10ea4>,<urn:uuid:1ddee2ef-6bc3-47ce-82a2-bda9d0e0b70a>,<urn:uuid:ad6f1737-d53c-4a11-8a2d-7fee2f70adb9>
418,<urn:uuid:6ba64c55-7fdd-4adf-936d-ed8775268036>,<urn:uuid:6ba64c55-7fdd-4adf-936d-ed8775268036>,<urn:uuid:e37e8187-c904-4ec2-83f0-05efce0121ce>,<urn:uuid:5bc96815-ff3c-431c-899f-254ae1e1d071>,<urn:uuid:41089633-f0a0-45b5-b32f-697cffa31871>
419,<urn:uuid:3abc5206-c82e-42da-ac4e-f99167dc707c>,<urn:uuid:7fec9468-1b15-4a3a-8a2b-dbc3dc1d94b7>,<urn:uuid:3abc5206-c82e-42da-ac4e-f99167dc707c>,<urn:uuid:88bf712a-392b-4d16-a61a-c2a43fd2f174>,<urn:uuid:eeadad06-d2cd-49d9-8ff5-e610d6275fba>
420,<urn:uuid:cc56b223-039e-421d-9986-0b3be3cf3e74>,<urn:uuid:cc56b223-039e-421d-9986-0b3be3cf3e74>,<urn:uuid:a50dae77-dd33-4f9e-8c1c-2af030a5a1e8>,<urn:uuid:e3e7cb81-0879-4a99-bdb0-c3856dbae474>,<urn:uuid:06e56b57-27ed-41e8-b1b7-c86f05b7278d>
421,<urn:uuid:ec857598-081d-4480-a9ef-3e1a041e672c>,<urn:uuid:ec857598-081d-4480-a9ef-3e1a041e672c>,<urn:uuid:fa543414-fed9-43bb-96f4-08b182deec73>,<urn:uuid:e3e7cb81-0879-4a99-bdb0-c3856dbae474>,<urn:uuid:0cca6048-a333-46db-8414-2573b5f285b4>
422,<urn:uuid:317d2bfa-2176-491f-bcb4-c05e5ab361db>,<urn:uuid:317d2bfa-2176-491f-bcb4-c05e5ab361db>,<urn:uuid:94f7331a-99bd-4c31-8cb2-0c915620a89f>,<urn:uuid:8218f09f-c105-44be-b323-8009dc6263dd>,<urn:uuid:f63777c6-8612-4ae2-ba24-8fbbfc0c55ef>
423,<urn:uuid:ff6d2cb6-f2ba-4d11-a294-591b077cdc1b>,<urn:uuid:ff6d2cb6-f2ba-4d11-a294-591b077cdc1b>,<urn:uuid:47b699f7-0565-4c88-acd7-705f49af67f6>,<urn:uuid:2cdefe78-2025-41b5-90ab-32349fb57aa8>,<urn:uuid:54c8435e-2fe9-448c-aec7-1099709943d3>
424,<urn:uuid:2224bf3b-d89b-4f3a-9380-a6d5c4a1d9c1>,<urn:uuid:2224bf3b-d89b-4f3a-9380-a6d5c4a1d9c1>,<urn:uuid:ec77048a-b360-45e3-b68a-c48e8248d883>,<urn:uuid:c4125192-1072-4e0d-84ee-4910abb79f5e>,<urn:uuid:2e1e78ac-1d7f-4299-ba99-b3e8caf5f31b>
425,<urn:uuid:f7cc2e6f-6739-4208-81c1-079eea0af014>,<urn:uuid:f7cc2e6f-6739-4208-81c1-079eea0af014>,<urn:uuid:3025e981-15dc-4a5f-8234-89f5575cb93f>,<urn:uuid:ea9f9f2d-ec95-4b86-a017-a0f8f4c1fee7>,<urn:uuid:f5cfc630-532e-4446-a5bc-ce33d9f16d88>
426,<urn:uuid:d1d81124-4c99-408d-9af3-91fc8ba1703a>,<urn:uuid:d1d81124-4c99-408d-9af3-91fc8ba1703a>,<urn:uuid:984a42a2-3e6b-4d39-83ce-5856bb0d0d29>,<urn:uuid:4fed4e00-ba4c-493d-9baf-9e9ac9df2b02>,<urn:uuid:fd3855c3-deb6-446a-8d39-67cac5ff4836>
427,<urn:uuid:d65c285d-e090-49b8-8694-dc9f91b2a708>,<urn:uuid:253b284b-b9f8-437f-b100-585ce977fcc2>,<urn:uuid:54c8435e-2fe9-448c-aec7-1099709943d3>,<urn:uuid:87abeb51-e6a6-4489-bf5f-67c57c678fa9>,<urn:uuid:de772f07-a3f9-4d9e-9df6-8112ab6421ea>
428,<urn:uuid:594cca36-cdd5-469e-a329-1e311f993a91>,<urn:uuid:594cca36-cdd5-469e-a329-1e311f993a91>,<urn:uuid:f9fc71b3-795f-4865-baf1-c246bdd3b278>,<urn:uuid:a0797c56-a375-429c-9913-183b3aacd51d>,<urn:uuid:e5dcee7c-d28f-4e70-ae79-eea834ad2a59>
429,<urn:uuid:b442c8f7-324e-4fd0-a3a4-ac21a43c3ede>,<urn:uuid:b442c8f7-324e-4fd0-a3a4-ac21a43c3ede>,<urn:uuid:bf48773d-3366-4e64-9678-32571c52e82a>,<urn:uuid:949b9ac6-0bdf-4c68-b8ab-681f2e57137d>,<urn:uuid:92e076f7-da76-4b86-b76c-44c756a3e2b1>
430,<urn:uuid:be9ad6ab-adbb-4cf1-bce8-d6b759375a70>,<urn:uuid:be9ad6ab-adbb-4cf1-bce8-d6b759375a70>,<urn:uuid:f053b1ad-b4c2-4fd4-82e0-3b3911b2a232>,<urn:uuid:11d45db7-4698-433d-ac97-b1b4c469678a>,<urn:uuid:419415f1-4c2b-44f7-8260-f71edfef2bf0>
431,<urn:uuid:2a428d4c-28a5-4c65-baa1-d3f6df4fd403>,<urn:uuid:2a428d4c-28a5-4c65-baa1-d3f6df4fd403>,<urn:uuid:e10afff5-4047-4486-a45f-ed583ad055de>,<urn:uuid:dec2d6a0-4493-4f2e-80b3-32d41daf74b0>,<urn:uuid:0cee5102-6622-4d3b-a733-874c54a23ef3>
432,<urn:uuid:dc06e985-5612-4bf6-a415-bcb0e292eb12>,<urn:uuid:dc06e985-5612-4bf6-a415-bcb0e292eb12>,<urn:uuid:f11de6e1-c12d-4439-8983-352c705a9aad>,<urn:uuid:7dd4c69c-20fb-459e-968e-7b906c42fc51>,<urn:uuid:43d474ec-65fb-4d16-87b6-559a43ff75a8>
433,<urn:uuid:0343641e-2036-4d98-845e-3f6bda99e5c7>,<urn:uuid:0343641e-2036-4d98-845e-3f6bda99e5c7>,<urn:uuid:0c7c98ec-6046-47e7-9aed-c8418915de6d>,<urn:uuid:02f34621-8637-45e1-914b-c5c135461cae>,<urn:uuid:b10a841e-7606-4151-81c5-23c371a34c87>
434,<urn:uuid:0017d27a-bc41-48c7-8d96-0a954dbc6a71>,<urn:uuid:0017d27a-bc41-48c7-8d96-0a954dbc6a71>,<urn:uuid:47a9595e-15aa-4996-b030-9c436f9899c6>,<urn:uuid:db8f2bc0-e242-4114-89fa-f6b514243830>,<urn:uuid:774e307b-69b0-4977-84d6-0a1f32891cf8>
435,<urn:uuid:28102119-5af5-4dcd-ae65-1e3c3d2b994b>,<urn:uuid:28102119-5af5-4dcd-ae65-1e3c3d2b994b>,<urn:uuid:5bc96815-ff3c-431c-899f-254ae1e1d071>,<urn:uuid:4fed4e00-ba4c-493d-9baf-9e9ac9df2b02>,<urn:uuid:cb182e43-fb51-4951-807f-b332d961f97a>
436,<urn:uuid:5390ab27-470c-4732-af07-758ed288ca5d>,<urn:uuid:5390ab27-470c-4732-af07-758ed288ca5d>,<urn:uuid:790b23e1-bb06-4c74-a461-14a13bac7022>,<urn:uuid:cbf7e173-bd47-4200-a24f-870a329a8fe0>,<urn:uuid:eb349f39-b20a-48ba-b501-982b34724dad>
437,<urn:uuid:55f96065-fdd3-452f-9a62-6fb9780f0a53>,<urn:uuid:0d76d68c-abd7-4598-b723-10eaed821cff>,<urn:uuid:55f96065-fdd3-452f-9a62-6fb9780f0a53>,<urn:uuid:46964b3c-df50-4a66-8fd5-bee01e5f96f9>,<urn:uuid:28102119-5af5-4dcd-ae65-1e3c3d2b994b>
438,<urn:uuid:a232f48a-b2f9-4f26-b889-bcf46b78947d>,<urn:uuid:a232f48a-b2f9-4f26-b889-bcf46b78947d>,<urn:uuid:0bbe1ed1-7019-44d2-b730-3f7b9dd7b119>,<urn:uuid:f9fc71b3-795f-4865-baf1-c246bdd3b278>,<urn:uuid:d97798ee-ecd3-4250-8f36-54e607f55b3c>
439,<urn:uuid:cbbf1cd7-ea60-40cb-8ba7-59a519ee088b>,<urn:uuid:c8e5a2a1-d661-47f2-b530-e601046fe5a6>,<urn:uuid:cbbf1cd7-ea60-40cb-8ba7-59a519ee088b>,<urn:uuid:8aacbb44-510c-4fb8-9e68-1f1f41281986>,<urn:uuid:2e1e78ac-1d7f-4299-ba99-b3e8caf5f31b>
440,<urn:uuid:9d2b8661-0685-4217-8909-70cfdd3f9fd2>,<urn:uuid:9d2b8661-0685-4217-8909-70cfdd3f9fd2>,<urn:uuid:0cca6048-a333-46db-8414-2573b5f285b4>,<urn:uuid:95479dfb-3efd-4235-9bb8-4bfb98caab4f>,<urn:uuid:29da12d5-6f3c-4cdf-abae-50d0cdf9bade>
441,<urn:uuid:cba6fe51-2dca-4f9b-88df-6fc5b8eae2f8>,<urn:uuid:cba6fe51-2dca-4f9b-88df-6fc5b8eae2f8>,<urn:uuid:4b5600bd-fd6c-47c1-ba1b-1ce278654220>,<urn:uuid:0017d27a-bc41-48c7-8d96-0a954dbc6a71>,<urn:uuid:2e1e78ac-1d7f-4299-ba99-b3e8caf5f31b>
442,<urn:uuid:aae1f819-60e6-4629-98a6-c345b6c5a7f9>,<urn:uuid:aae1f819-60e6-4629-98a6-c345b6c5a7f9>,<urn:uuid:69e62ade-c4c7-49da-a276-f3980cfb0ef8>,<urn:uuid:ee1c9d5a-aee9-4930-9efb-4cc3315995af>,<urn:uuid:2648db63-d6da-4b2f-8f87-0720d996681e>
443,<urn:uuid:6cf809ad-f1f0-4ca4-a694-c563400a2c19>,<urn:uuid:6cf809ad-f1f0-4ca4-a694-c563400a2c19>,<urn:uuid:d65c285d-e090-49b8-8694-dc9f91b2a708>,<urn:uuid:99eb351f-d2b3-45ed-9ec7-cf061b12ebed>,<urn:uuid:75188b20-3bb2-43bf-976d-f0d6f4b79858>
444,<urn:uuid:26d98921-b464-4012-bfa8-c31ac34cc906>,<urn:uuid:b85043d7-7741-41f1-a671-c86193a1da07>,<urn:uuid:26d98921-b464-4012-bfa8-c31ac34cc906>,<urn:uuid:db5835e3-82e0-4cf7-b4ef-071dc7f9bf0b>,<urn:uuid:0560027a-6b45-460d-a1c1-7d2f3e62ef67>
445,<urn:uuid:519a537d-1dbe-4730-bf8b-b82e8b14a021>,<urn:uuid:519a537d-1dbe-4730-bf8b-b82e8b14a021>,<urn:uuid:be9ad6ab-adbb-4cf1-bce8-d6b759375a70>,<urn:uuid:879e28d5-00e2-4df7-b0e4-077d38688eed>,<urn:uuid:2d0c6175-cad6-44a8-8900-d701106febd9>
446,<urn:uuid:c4f109a8-7566-4edf-8498-83a07ac9edf2>,<urn:uuid:cfe2341d-5ce1-46ed-9c42-2b2c925e9b6c>,<urn:uuid:c4f109a8-7566-4edf-8498-83a07ac9edf2>,<urn:uuid:e5c06a6d-e7c7-42c4-82ab-6f06f0971ea7>,<urn:uuid:9e83252d-da78-4cc4-869f-b21630166fe1>
447,<urn:uuid:a801082a-4114-4f38-90e1-84893cd27f82>,<urn:uuid:a801082a-4114-4f38-90e1-84893cd27f82>,<urn:uuid:44196a89-a55c-4dd4-8aea-77305b70bbbc>,<urn:uuid:4f804747-0cb9-4228-b2a0-37cc80a0f2eb>,<urn:uuid:e3e7cb81-0879-4a99-bdb0-c3856dbae474>
448,<urn:uuid:f58aca81-b1b2-4bd4-9e3f-bdaca9036766>,<urn:uuid:f58aca81-b1b2-4bd4-9e3f-bdaca9036766>,<urn:uuid:84445423-21d0-408e-afa0-8fc0cee40d54>,<urn:uuid:ee8daf7c-b49c-4888-abf6-029d7e56992b>,<urn:uuid:a99e16b9-bb14-4f1b-968e-7e893b6ea578>
449,<urn:uuid:a385aac1-a6d7-40dc-ae6e-3e585d1f5237>,<urn:uuid:a385aac1-a6d7-40dc-ae6e-3e585d1f5237>,<urn:uuid:b8e00c9c-bfdc-4590-a278-02bdffb18a26>,<urn:uuid:618b59ca-9661-450d-987b-a6980370c8f6>,<urn:uuid:51f7b5d5-6b0a-484a-a9ff-12f30ff6779f>
450,<urn:uuid:2a80c0cf-84c2-43c3-87f0-b054b0a47227>,<urn:uuid:2a80c0cf-84c2-43c3-87f0-b054b0a47227>,<urn:uuid:338d49ba-4d0f-4ecc-8f20-a8534eeb09ce>,<urn:uuid:600d84eb-1c98-41de-bd2a-2f48e546bc4d>,<urn:uuid:3ad1da62-664e-44f3-afa0-16a9151bf947>
451,<urn:uuid:311915e2-ff98-45f7-94b1-6ddc2ff93be4>,<urn:uuid:311915e2-ff98-45f7-94b1-6ddc2ff93be4>,<urn:uuid:063337b6-d31a-4e3f-9509-78427a72fd1a>,<urn:uuid:a9250054-2cdb-41e7-b61f-194f7efe5a32>,<urn:uuid:245c44ae-121f-48da-896e-6a6b6f31b298>
452,<urn:uuid:a4ca9bde-4e8f-4dc3-9e5c-262e6a811be9>,<urn:uuid:a4ca9bde-4e8f-4dc3-9e5c-262e6a811be9>,<urn:uuid:1337b61c-0867-4d0e-940b-b6f821cdad7e>,<urn:uuid:dec2d6a0-4493-4f2e-80b3-32d41daf74b0>,<urn:uuid:40f64668-0f14-4f16-a626-9463c51ba0bf>
453,<urn:uuid:0b5edab2-60a4-4c1f-9869-96c07e47a98e>,<urn:uuid:0b5edab2-60a4-4c1f-9869-96c07e47a98e>,<urn:uuid:a73baf85-7562-41b8-b377-4e3a9f5cff37>,<urn:uuid:f949f551-e27c-44db-9b21-0ef24e3392e0>,<urn:uuid:b27e5516-d6fe-4b2b-91ba-70babd6754f9>
454,<urn:uuid:e9394dbb-7d3d-46f9-a162-300a180cb89a>,<urn:uuid:e9394dbb-7d3d-46f9-a162-300a180cb89a>,<urn:uuid:b9a30036-3f7c-49b8-8427-0956f8a27d63>,<urn:uuid:a512ff92-05ad-4fc5-a8a4-29eb4dcaceda>,<urn:uuid:d54e39fe-1c10-40e4-9e16-e366f844b401>
455,<urn:uuid:40f64668-0f14-4f16-a626-9463c51ba0bf>,<urn:uuid:40f64668-0f14-4f16-a626-9463c51ba0bf>,<urn:uuid:3f2894a3-3bbd-46d7-81f9-5755651ccbd5>,<urn:uuid:0491f437-b67b-46e0-bfe1-c3e7482632eb>,<urn:uuid:cd307a3e-07ed-4d41-a8c1-d8a864e6a6c0>
456,<urn:uuid:9ffab54e-54fd-4e42-8155-6bd3ab616f44>,<urn:uuid:9ffab54e-54fd-4e42-8155-6bd3ab616f44>,<urn:uuid:851d75d0-e2c4-4cfd-a4ad-c90130bbc886>,<urn:uuid:a2fae3cd-dc56-48b9-a7e4-dd9216eea1b8>,<urn:uuid:8c5a13a6-de84-43df-8952-e39e5e94f650>
457,<urn:uuid:9344d848-0e5b-419b-8f61-da1ce67ebbd3>,<urn:uuid:9344d848-0e5b-419b-8f61-da1ce67ebbd3>,<urn:uuid:1a4946c4-7743-4e24-9de5-558b74c5ccc1>,<urn:uuid:a9f3eae4-c234-4770-974c-09d669138f32>,<urn:uuid:2cdc65bd-3a17-4292-a574-11aadb5ce593>
458,<urn:uuid:de21c854-2b3d-4f03-83d9-40bd0130c1a1>,<urn:uuid:de21c854-2b3d-4f03-83d9-40bd0130c1a1>,<urn:uuid:52710c22-08ca-46f2-92d6-e8b48696ae89>,<urn:uuid:ec857598-081d-4480-a9ef-3e1a041e672c>,<urn:uuid:ce6a52b8-f507-4099-aa91-a55ad34c088b>
459,<urn:uuid:a370c8ad-1fd8-48a5-8335-c91cae4370d9>,<urn:uuid:a370c8ad-1fd8-48a5-8335-c91cae4370d9>,<urn:uuid:6d427c54-037f-4f82-8847-90e536c1dc7c>,<urn:uuid:b76c324f-b301-48a3-a33e-7fa686f0fd0d>,<urn:uuid:09c6a0ef-464b-454f-8dc9-f4c62fd515f6>
460,<urn:uuid:9aa655f5-715f-4e05-9a54-49d2919c60a6>,<urn:uuid:54e3f565-64ae-49cd-9a03-8b3423a479b9>,<urn:uuid:5878bb30-23f5-4039-a709-5cb1ffc1fe3e>,<urn:uuid:80f5e51f-9ef5-4415-854f-7cb5b9c900bd>,<urn:uuid:3d21b5ee-5cbb-45e4-92f9-a1c6f2d09a5a>
461,<urn:uuid:a1322c15-f7dc-42ca-a928-441f7cd9ea4b>,<urn:uuid:a1322c15-f7dc-42ca-a928-441f7cd9ea4b>,<urn:uuid:4648fddd-4625-47a8-a524-31a8edbe9244>,<urn:uuid:59112fa2-d5e4-411c-adb0-b3429470125d>,<urn:uuid:c3bc99b6-b892-42a1-b96c-c67a85a559b9>
462,<urn:uuid:fb0b54da-1aaf-4156-8eb7-031b3e4c7097>,<urn:uuid:fb0b54da-1aaf-4156-8eb7-031b3e4c7097>,<urn:uuid:969973e2-30db-4284-ba29-214a38330397>,<urn:uuid:790b23e1-bb06-4c74-a461-14a13bac7022>,<urn:uuid:92e076f7-da76-4b86-b76c-44c756a3e2b1>
463,<urn:uuid:ced3a76e-d173-4971-8b20-29bb60e3d93a>,<urn:uuid:c8b3fc13-2f69-4759-b786-46e1840bd8e4>,<urn:uuid:ced3a76e-d173-4971-8b20-29bb60e3d93a>,<urn:uuid:acca6eb0-4330-411b-b2d4-d6c07a199d95>,<urn:uuid:9d7eb7ef-19c5-47b5-90f3-8a9387f7e9e7>
464,<urn:uuid:54601e6a-f683-46ae-bb56-4f6d12b2d9cd>,<urn:uuid:54601e6a-f683-46ae-bb56-4f6d12b2d9cd>,<urn:uuid:b08ba79d-212a-4c31-abc2-4b37382a413a>,<urn:uuid:3c5a26df-bc02-46f4-a811-1739ff565de5>,<urn:uuid:42ae24ce-dc04-4b1e-b0a8-ff18c900fae1>
465,<urn:uuid:dd6e9d09-74c4-4cff-af58-164997312dcd>,<urn:uuid:dd6e9d09-74c4-4cff-af58-164997312dcd>,<urn:uuid:d16cbf7b-5a82-4cf5-91e7-efe6991ac8c5>,<urn:uuid:508996e1-eaef-4bb4-b6d2-272ca669de90>,<urn:uuid:17351c40-b1b2-4790-a880-a3be23648f75>
466,<urn:uuid:6f20a64f-0b01-458c-b2c2-bcd87e04d52f>,<urn:uuid:6f20a64f-0b01-458c-b2c2-bcd87e04d52f>,<urn:uuid:c5df55fd-1606-49bc-9bb2-892378170bb1>,<urn:uuid:8cabc739-c6ab-4168-b1da-2c963318cbe8>,<urn:uuid:5d7fb9a5-7c4c-443b-9411-d1e39fba006f>
467,<urn:uuid:1fe9dd59-538f-4853-a1d9-08bf5b519e4a>,<urn:uuid:1fe9dd59-538f-4853-a1d9-08bf5b519e4a>,<urn:uuid:acca6eb0-4330-411b-b2d4-d6c07a199d95>,<urn:uuid:09c6a0ef-464b-454f-8dc9-f4c62fd515f6>,<urn:uuid:ede4afce-981a-4e15-8e10-936ec63e2513>
468,<urn:uuid:8c5a13a6-de84-43df-8952-e39e5e94f650>,<urn:uuid:8c5a13a6-de84-43df-8952-e39e5e94f650>,<urn:uuid:fb9bc7ac-c015-4da3-b93f-acca1075bf6d>,<urn:uuid:063337b6-d31a-4e3f-9509-78427a72fd1a>,<urn:uuid:ae4a69a3-9c5d-43e4-bb67-94cc9d5d9975>
469,<urn:uuid:531163d9-0671-4d8b-bcce-b65d0cb98a3b>,<urn:uuid:531163d9-0671-4d8b-bcce-b65d0cb98a3b>,<urn:uuid:7b25ac91-7f6b-4076-8c9a-56f8dc09076f>,<urn:uuid:b902fbc3-ed0d-4476-9afe-dbb5c9eeb65a>,<urn:uuid:2fe1db22-45ad-492d-a464-b0b78ce38f7d>
470,<urn:uuid:1ddee2ef-6bc3-47ce-82a2-bda9d0e0b70a>,<urn:uuid:1ddee2ef-6bc3-47ce-82a2-bda9d0e0b70a>,<urn:uuid:4d088526-22ef-47be-bf28-34ebf8a063f3>,<urn:uuid:a1dad031-0ca1-42d6-8d15-49e37a103946>,<urn:uuid:c55df679-17a1-4b8c-940e-08ce6e0f3b07>
471,<urn:uuid:9be4171c-097e-4e3a-8e8e-2130f4c8f040>,<urn:uuid:9be4171c-097e-4e3a-8e8e-2130f4c8f040>,<urn:uuid:db6a1d04-32b2-4dd8-ae40-c29441ee847f>,<urn:uuid:a9167432-213c-4098-bb28-2ec55b9417c1>,<urn:uuid:2a9113ed-7299-41bb-befa-dc548c5ea96a>
472,<urn:uuid:96f10758-bcf8-4f31-a1cd-0276539a3bf2>,<urn:uuid:96f10758-bcf8-4f31-a1cd-0276539a3bf2>,<urn:uuid:39953459-7a54-4f5b-b565-e03654c02161>,<urn:uuid:46964b3c-df50-4a66-8fd5-bee01e5f96f9>,<urn:uuid:65763aaa-b441-4bc2-a234-ea1425e7eed4>
473,<urn:uuid:2ebf1646-5f9e-4a70-b04a-7bbfae078a6d>,<urn:uuid:2ebf1646-5f9e-4a70-b04a-7bbfae078a6d>,<urn:uuid:245c44ae-121f-48da-896e-6a6b6f31b298>,<urn:uuid:0d76d68c-abd7-4598-b723-10eaed821cff>,<urn:uuid:02f34621-8637-45e1-914b-c5c135461cae>
474,<urn:uuid:bc7f40c7-9498-47df-9f0b-cb8c1ce6227f>,<urn:uuid:bc7f40c7-9498-47df-9f0b-cb8c1ce6227f>,<urn:uuid:ea9f9f2d-ec95-4b86-a017-a0f8f4c1fee7>,<urn:uuid:f56d1d81-a2d7-4352-8f5e-9ceaecd700df>,<urn:uuid:dceee4f6-7053-44dd-a5ce-8b040c8158db>
475,<urn:uuid:5ad556f6-4499-4ceb-8d7f-c95f04b906f7>,<urn:uuid:5ad556f6-4499-4ceb-8d7f-c95f04b906f7>,<urn:uuid:bccf47a7-4f0b-4e1d-9533-a7c94dd56fe2>,<urn:uuid:bdfed838-dafd-46f5-b133-b0f2c4e8917f>,<urn:uuid:0d5422f6-604c-442c-bf03-999bd6c409ce>
476,<urn:uuid:529877e9-064b-48ec-ab23-aac8cb3501f2>,<urn:uuid:529877e9-064b-48ec-ab23-aac8cb3501f2>,<urn:uuid:32cf38c9-6043-483a-83af-90fabdc1d85a>,<urn:uuid:ec857598-081d-4480-a9ef-3e1a041e672c>,<urn:uuid:2e1e78ac-1d7f-4299-ba99-b3e8caf5f31b>
477,<urn:uuid:24d618fd-999a-4b26-b75f-d83efa7c5998>,<urn:uuid:24d618fd-999a-4b26-b75f-d83efa7c5998>,<urn:uuid:0b6258c3-fa05-483f-af91-cf208f0c07e3>,<urn:uuid:b1299808-8154-4658-bb0d-b86e3a0d803d>,<urn:uuid:d65c285d-e090-49b8-8694-dc9f91b2a708>
478,<urn:uuid:6dc0921d-94e4-49ff-a0aa-5c4c73e0d9bb>,<urn:uuid:6dc0921d-94e4-49ff-a0aa-5c4c73e0d9bb>,<urn:uuid:6c6007a7-230c-4eea-9c67-d8df26a1f68a>,<urn:uuid:dec2d6a0-4493-4f2e-80b3-32d41daf74b0>,<urn:uuid:80f5e51f-9ef5-4415-854f-7cb5b9c900bd>
479,<urn:uuid:18eb6c9e-b6b8-492b-a128-df3c008a3802>,<urn:uuid:e486730a-0ae9-4168-bcff-c23956dbb484>,<urn:uuid:b8518fa7-47f9-4924-bb5c-d471d7f8e1b1>,<urn:uuid:85580cec-4569-4534-966f-4283d2d98ae2>,<urn:uuid:8e056e67-7cff-4688-8f3d-ec057178200a>
480,<urn:uuid:de772f07-a3f9-4d9e-9df6-8112ab6421ea>,<urn:uuid:de772f07-a3f9-4d9e-9df6-8112ab6421ea>,<urn:uuid:be9ad6ab-adbb-4cf1-bce8-d6b759375a70>,<urn:uuid:2243b59e-6673-490b-b0c2-94f04dfc9f32>,<urn:uuid:9416f647-0779-4f8f-a242-9bce0ac786a7>
481,<urn:uuid:74a26fac-cff0-4435-82c0-35c8efceabd2>,<urn:uuid:74a26fac-cff0-4435-82c0-35c8efceabd2>,<urn:uuid:7e7a0732-91b5-4589-9074-962387a5ce5f>,<urn:uuid:71c662cc-a33a-4ec3-9e95-552fad6886be>,<urn:uuid:685f464a-b204-4bc0-9eee-8297f6c6ecc2>
482,<urn:uuid:698b5e61-fc66-4d0d-90d7-a5dab9555dee>,<urn:uuid:c12207e2-8a2c-45fb-925b-49807b536825>,<urn:uuid:9a0bfc7e-efc1-48be-827c-c130a979e4a3>,<urn:uuid:698b5e61-fc66-4d0d-90d7-a5dab9555dee>,<urn:uuid:ed25b963-0fc7-4c7b-a475-f50db66a14c1>
483,<urn:uuid:ec3c1dca-145b-45a2-896c-b98bf84fe565>,<urn:uuid:ec3c1dca-145b-45a2-896c-b98bf84fe565>,<urn:uuid:ec44cd3d-348e-4187-b037-9ebc01c9653a>,<urn:uuid:48adf9c7-14a4-4209-b96d-9383b08fc54d>,<urn:uuid:ff126ef1-eb3d-4fe5-9821-39372bd7ab95>
484,<urn:uuid:d0f9b10d-6b51-406c-b6f5-0208354e36af>,<urn:uuid:cd307a3e-07ed-4d41-a8c1-d8a864e6a6c0>,<urn:uuid:23df0db1-c023-4770-a005-c51027020748>,<urn:uuid:6e2f6dc8-9bb2-4089-bc6c-b4fe9d071b2b>,<urn:uuid:0af2f69b-7861-455b-9fc9-6a25d394b1f1>
485,<urn:uuid:7740315d-0353-4178-a7a4-100c37fc49e9>,<urn:uuid:7740315d-0353-4178-a7a4-100c37fc49e9>,<urn:uuid:6f20a64f-0b01-458c-b2c2-bcd87e04d52f>,<urn:uuid:92e076f7-da76-4b86-b76c-44c756a3e2b1>,<urn:uuid:f8035fac-dd50-4666-8bb6-b7f224f82571>
486,<urn:uuid:6be8639f-fc62-45d7-99fc-06f7a1119bd9>,<urn:uuid:6be8639f-fc62-45d7-99fc-06f7a1119bd9>,<urn:uuid:b4237fc5-03a0-4103-9675-05833c9da69b>,<urn:uuid:a97d6de2-1817-402a-b8f7-411d2bbd99db>,<urn:uuid:d16cbf7b-5a82-4cf5-91e7-efe6991ac8c5>
487,<urn:uuid:29da12d5-6f3c-4cdf-abae-50d0cdf9bade>,<urn:uuid:29da12d5-6f3c-4cdf-abae-50d0cdf9bade>,<urn:uuid:a512ff92-05ad-4fc5-a8a4-29eb4dcaceda>,<urn:uuid:698b5e61-fc66-4d0d-90d7-a5dab9555dee>,<urn:uuid:088063d3-be19-483e-a667-44acd487da88>
488,<urn:uuid:5f675483-c57f-430a-823b-2b86e0c4e091>,<urn:uuid:5f675483-c57f-430a-823b-2b86e0c4e091>,<urn:uuid:65d8f3ed-fbc0-4ca5-9a21-81904af4bc6f>,<urn:uuid:65fdef64-6a10-4c38-b52e-cd2b6dbcd4b3>,<urn:uuid:0d76d68c-abd7-4598-b723-10eaed821cff>
489,<urn:uuid:2ddee98c-c90a-4a33-a602-3d8c2d94d140>,<urn:uuid:2ddee98c-c90a-4a33-a602-3d8c2d94d140>,<urn:uuid:39219d53-bcbe-440e-99b1-3d59f6a34cea>,<urn:uuid:0560027a-6b45-460d-a1c1-7d2f3e62ef67>,<urn:uuid:afeb019e-27e1-460c-a5be-4abece6d0fd4>
490,<urn:uuid:779f5960-10e1-43b1-a5f3-3398c1905e24>,<urn:uuid:779f5960-10e1-43b1-a5f3-3398c1905e24>,<urn:uuid:e0c77f4a-b344-4d30-9bbe-41acd115f071>,<urn:uuid:9300ee37-4872-450a-8186-2775a8491b88>,<urn:uuid:6f20a64f-0b01-458c-b2c2-bcd87e04d52f>
491,<urn:uuid:b879f618-c2b9-4add-ac3b-1228379d1374>,<urn:uuid:b879f618-c2b9-4add-ac3b-1228379d1374>,<urn:uuid:0c070a31-b372-417f-8b31-da4866ae2e0f>,<urn:uuid:c2b889a5-3336-43c5-b957-1c3d531be5ef>,<urn:uuid:09d7a279-5458-402a-8d31-18cb08bea5d3>
492,<urn:uuid:dbc80200-7b13-4f67-ad29-7772fd5ba940>,<urn:uuid:dbc80200-7b13-4f67-ad29-7772fd5ba940>,<urn:uuid:8d59f3e3-dfcf-457c-bd26-4e10022e6bf0>,<urn:uuid:4648fddd-4625-47a8-a524-31a8edbe9244>,<urn:uuid:fa0bc7d5-4afb-4fa6-be8f-b77a4371c936>
493,<urn:uuid:a9f3eae4-c234-4770-974c-09d669138f32>,<urn:uuid:a9f3eae4-c234-4770-974c-09d669138f32>,<urn:uuid:df9b09a3-f4b1-4c1a-adae-52933639c259>,<urn:uuid:390b291e-7ad6-4a6f-886f-0918685ae95a>,<urn:uuid:39e0156a-4ad5-4073-80f0-2882fb428f40>
494,<urn:uuid:419415f1-4c2b-44f7-8260-f71edfef2bf0>,<urn:uuid:419415f1-4c2b-44f7-8260-f71edfef2bf0>,<urn:uuid:9ffab54e-54fd-4e42-8155-6bd3ab616f44>,<urn:uuid:e3e7cb81-0879-4a99-bdb0-c3856dbae474>,<urn:uuid:7326cf69-cde1-45db-b87f-231b48f040bf>
495,<urn:uuid:7d089cac-7955-4a34-910e-ac56d9bf1791>,<urn:uuid:7d089cac-7955-4a34-910e-ac56d9bf1791>,<urn:uuid:9e141a4f-572f-4b03-9c21-048cc99dbf26>,<urn:uuid:d2edd676-d96b-4e95-a90f-bf5a7c50f6b9>,<urn:uuid:21dc8de4-8173-44a3-895f-e91cdb9cba4a>
496,<urn:uuid:dceee4f6-7053-44dd-a5ce-8b040c8158db>,<urn:uuid:dceee4f6-7053-44dd-a5ce-8b040c8158db>,<urn:uuid:4f804747-0cb9-4228-b2a0-37cc80a0f2eb>,<urn:uuid:53d507c3-f7c2-4157-a9a0-9b07fc104709>,<urn:uuid:ab472d33-6267-4883-8a9d-92b3f3fcbc8a>
497,<urn:uuid:342cda8b-967b-4ed1-ada8-83a50513989b>,<urn:uuid:da05571f-fc4e-49d4-86a4-a1e3517a0cbd>,<urn:uuid:b1299808-8154-4658-bb0d-b86e3a0d803d>,<urn:uuid:deafac80-9ae7-4674-9963-740f86ede8de>,<urn:uuid:f5cfc630-532e-4446-a5bc-ce33d9f16d88>
498,<urn:uuid:285c72a9-36cf-46d0-8851-070ab1b248de>,<urn:uuid:285c72a9-36cf-46d0-8851-070ab1b248de>,<urn:uuid:1de03a6a-3c26-434f-a5c5-61bc4edd5aed>,<urn:uuid:317d2bfa-2176-491f-bcb4-c05e5ab361db>,<urn:uuid:2d4fbe0a-3e3e-44f7-9572-818269670c9a>
499,<urn:uuid:79e5cce9-0ccd-428e-bffe-2240bed6e997>,<urn:uuid:af9d46db-12a9-41d8-9687-1b4232404418>,<urn:uuid:a6ce6962-4434-4238-b3c3-62b5b1051c34>,<urn:uuid:ddf4e68e-0c83-4501-8c09-a14d4b331f20>,<urn:uuid:8fa1785b-cc77-4434-a30a-66f84a372441>
500,<urn:uuid:f053b1ad-b4c2-4fd4-82e0-3b3911b2a232>,<urn:uuid:f053b1ad-b4c2-4fd4-82e0-3b3911b2a232>,<urn:uuid:ae4a69a3-9c5d-43e4-bb67-94cc9d5d9975>,<urn:uuid:d82eef60-b4ba-44ff-a858-dfe0f1714ee2>,<urn:uuid:5878bb30-23f5-4039-a709-5cb1ffc1fe3e>
501,<urn:uuid:93b69f5d-b805-4be0-bb73-06be6f33ece4>,<urn:uuid:93b69f5d-b805-4be0-bb73-06be6f33ece4>,<urn:uuid:806eb77f-bb77-4e96-a56d-d1fd91fd2f82>,<urn:uuid:6d8f9419-f61e-4f91-9d84-602c52b6245c>,<urn:uuid:aa716853-2608-4c5e-bf23-3e2fe15e826d>
502,<urn:uuid:3706d914-1cda-4bfb-8310-1ce58a57672a>,<urn:uuid:3706d914-1cda-4bfb-8310-1ce58a57672a>,<urn:uuid:7dd4c69c-20fb-459e-968e-7b906c42fc51>,<urn:uuid:db5835e3-82e0-4cf7-b4ef-071dc7f9bf0b>,<urn:uuid:65fdef64-6a10-4c38-b52e-cd2b6dbcd4b3>
503,<urn:uuid:14e7fb43-328c-4b9c-b400-2b74eba27276>,<urn:uuid:3b843133-5a66-4a2b-996b-1798f3aa04fb>,<urn:uuid:1983be25-4f13-418c-a3dd-66379d5d2d64>,<urn:uuid:9fd458c9-06d9-43cb-9638-5f33773cfcf0>,<urn:uuid:879e28d5-00e2-4df7-b0e4-077d38688eed>
504,<urn:uuid:36cd269a-5423-407e-a771-afbff6131b22>,<urn:uuid:36cd269a-5423-407e-a771-afbff6131b22>,<urn:uuid:bf1453ca-6757-4e29-8d07-856acc67c8d3>,<urn:uuid:25dc5bba-798f-4f08-ace4-ddda3014810d>,<urn:uuid:0491f437-b67b-46e0-bfe1-c3e7482632eb>
505,<urn:uuid:25ec1d63-5013-4a24-9063-5d9ffb49d600>,<urn:uuid:25ec1d63-5013-4a24-9063-5d9ffb49d600>,<urn:uuid:8a8ee714-9dd9-4f6c-8aa1-60fc565584fc>,<urn:uuid:f053b1ad-b4c2-4fd4-82e0-3b3911b2a232>,<urn:uuid:9f2eefaa-f63b-4179-bfbb-110f286cfb37>
506,<urn:uuid:5804d22e-bd40-448d-8384-fe6983447145>,<urn:uuid:5804d22e-bd40-448d-8384-fe6983447145>,<urn:uuid:a7452c4d-b1d2-4931-a246-37793a5d36e3>,<urn:uuid:2232cc5b-d317-4352-9af3-d5609b9bf0d2>,<urn:uuid:5af4685f-62a2-42ed-b798-289353c938bf>
507,<urn:uuid:05009f2a-187f-47c7-a251-fc94ef377ef7>,<urn:uuid:05009f2a-187f-47c7-a251-fc94ef377ef7>,<urn:uuid:82d5dddc-4949-448a-87f0-7cc561e6a5c5>,<urn:uuid:fe9aae1d-c19a-4806-91a0-65191e40b472>,<urn:uuid:0b5edab2-60a4-4c1f-9869-96c07e47a98e>
508,<urn:uuid:ab89cf82-4e97-4b48-b114-8d9ec99b673b>,<urn:uuid:ab89cf82-4e97-4b48-b114-8d9ec99b673b>,<urn:uuid:372adb37-f52c-43aa-89cb-afa675e8b9a6>,<urn:uuid:a102a6cb-a608-493c-928f-d32a0da4dbf6>,<urn:uuid:7176e405-d655-4769-ae29-73f31efcac72>
509,<urn:uuid:2e855cb2-8f28-4243-a5ec-367358276aa7>,<urn:uuid:2e855cb2-8f28-4243-a5ec-367358276aa7>,<urn:uuid:14e7fb43-328c-4b9c-b400-2b74eba27276>,<urn:uuid:5d7fb9a5-7c4c-443b-9411-d1e39fba006f>,<urn:uuid:790b23e1-bb06-4c74-a461-14a13bac7022>
510,<urn:uuid:4ae96647-c3fd-46c4-ab32-13d3630a4273>,<urn:uuid:4ae96647-c3fd-46c4-ab32-13d3630a4273>,<urn:uuid:f58aca81-b1b2-4bd4-9e3f-bdaca9036766>,<urn:uuid:46964b3c-df50-4a66-8fd5-bee01e5f96f9>,<urn:uuid:2f98d6d2-bdd5-46a7-9ca6-48d4aa618056>
511,<urn:uuid:2a9f5e96-8f1f-43cc-b035-9399cbf8e3bf>,<urn:uuid:2a9f5e96-8f1f-43cc-b035-9399cbf8e3bf>,<urn:uuid:4fed4e00-ba4c-493d-9baf-9e9ac9df2b02>,<urn:uuid:f6ddc763-1dcc-4bd8-a561-764a42dcaf8b>,<urn:uuid:9e141a4f-572f-4b03-9c21-048cc99dbf26>
512,<urn:uuid:2d487b9f-f990-4a40-90b8-938470a2f0e6>,<urn:uuid:2d487b9f-f990-4a40-90b8-938470a2f0e6>,<urn:uuid:cf8051d4-94bb-47fd-a96f-ce30e3c01caa>,<urn:uuid:fd8abdde-7ec5-4748-8660-c01243a82990>,<urn:uuid:cd0069d0-3694-4719-b50b-89faf4eeb500>
513,<urn:uuid:e54673bd-e859-4637-af9c-d24a6ee4dc12>,<urn:uuid:e54673bd-e859-4637-af9c-d24a6ee4dc12>,<urn:uuid:8218f09f-c105-44be-b323-8009dc6263dd>,<urn:uuid:15fe7c56-5100-46b1-be80-1344b2214c8c>,<urn:uuid:896aa022-323b-4d85-9d49-272728cb460d>
514,<urn:uuid:5b99003b-77f1-4401-9bcd-9d0e3d64225a>,<urn:uuid:5b99003b-77f1-4401-9bcd-9d0e3d64225a>,<urn:uuid:a33fa373-2394-4f4a-bfe7-04fb42f14aa5>,<urn:uuid:1ddee2ef-6bc3-47ce-82a2-bda9d0e0b70a>,<urn:uuid:214fd24b-a264-4e79-a8eb-0aec014a2416>
515,<urn:uuid:84b66df7-30b2-429a-9e4a-cbe4ca3563c2>,<urn:uuid:84b66df7-30b2-429a-9e4a-cbe4ca3563c2>,<urn:uuid:94f7331a-99bd-4c31-8cb2-0c915620a89f>,<urn:uuid:4f5925e1-6466-4140-9ef4-b2d40492bae1>,<urn:uuid:2a80c0cf-84c2-43c3-87f0-b054b0a47227>
516,<urn:uuid:e3a74b5a-1ac0-406e-a883-5cb50211320e>,<urn:uuid:e3a74b5a-1ac0-406e-a883-5cb50211320e>,<urn:uuid:59112fa2-d5e4-411c-adb0-b3429470125d>,<urn:uuid:7763daf9-16ee-4758-b18f-d46000cef8b4>,<urn:uuid:9237fdff-408a-4603-a4d1-c8189a6506c7>
517,<urn:uuid:60ed65cf-6b2a-44be-a139-8de8a6aebc71>,<urn:uuid:60ed65cf-6b2a-44be-a139-8de8a6aebc71>,<urn:uuid:7176e405-d655-4769-ae29-73f31efcac72>,<urn:uuid:a1322c15-f7dc-42ca-a928-441f7cd9ea4b>,<urn:uuid:da05571f-fc4e-49d4-86a4-a1e3517a0cbd>
518,<urn:uuid:6d8f9419-f61e-4f91-9d84-602c52b6245c>,<urn:uuid:6d8f9419-f61e-4f91-9d84-602c52b6245c>,<urn:uuid:59112fa2-d5e4-411c-adb0-b3429470125d>,<urn:uuid:2af8fb09-b8cd-4c55-9632-ef7888f2774b>,<urn:uuid:a1322c15-f7dc-42ca-a928-441f7cd9ea4b>
519,<urn:uuid:c4c79b2e-7c0a-45aa-898e-682912c3cc1d>,<urn:uuid:c4c79b2e-7c0a-45aa-898e-682912c3cc1d>,<urn:uuid:0bbe1ed1-7019-44d2-b730-3f7b9dd7b119>,<urn:uuid:12e21dd3-ba73-4b97-a10b-d3aa2cd10ea4>,<urn:uuid:deafac80-9ae7-4674-9963-740f86ede8de>
520,<urn:uuid:7ec15414-a332-4b4a-bbfe-57af6d800e4f>,<urn:uuid:7ec15414-a332-4b4a-bbfe-57af6d800e4f>,<urn:uuid:a9f3eae4-c234-4770-974c-09d669138f32>,<urn:uuid:5af4685f-62a2-42ed-b798-289353c938bf>,<urn:uuid:27cb0d3c-042e-4f2d-8531-6ff966e92343>
521,<urn:uuid:39e0156a-4ad5-4073-80f0-2882fb428f40>,<urn:uuid:39e0156a-4ad5-4073-80f0-2882fb428f40>,<urn:uuid:b2733922-cfb5-4ba9-a338-1836998484d7>,<urn:uuid:24bd1f08-74b6-4bf1-9dc8-c18b13060263>,<urn:uuid:ff068288-f710-42d6-b5fe-efcdbea18de3>
522,<urn:uuid:024101e8-1cea-44b6-8562-f5708fad3974>,<urn:uuid:024101e8-1cea-44b6-8562-f5708fad3974>,<urn:uuid:65d8f3ed-fbc0-4ca5-9a21-81904af4bc6f>,<urn:uuid:75188b20-3bb2-43bf-976d-f0d6f4b79858>,<urn:uuid:0bbe1ed1-7019-44d2-b730-3f7b9dd7b119>
523,<urn:uuid:f11de6e1-c12d-4439-8983-352c705a9aad>,<urn:uuid:f11de6e1-c12d-4439-8983-352c705a9aad>,<urn:uuid:245c44ae-121f-48da-896e-6a6b6f31b298>,<urn:uuid:11d45db7-4698-433d-ac97-b1b4c469678a>,<urn:uuid:7e9f6f73-5584-4e8a-a747-dee69d10b753>
524,<urn:uuid:9416f647-0779-4f8f-a242-9bce0ac786a7>,<urn:uuid:9416f647-0779-4f8f-a242-9bce0ac786a7>,<urn:uuid:de772f07-a3f9-4d9e-9df6-8112ab6421ea>,<urn:uuid:2e1e78ac-1d7f-4299-ba99-b3e8caf5f31b>,<urn:uuid:003bae50-9c19-4b36-be6f-6e9c60def0b7>
525,<urn:uuid:03371ad1-0da5-4287-81b2-44be295ea9c6>,<urn:uuid:5d4a712e-374b-40e5-bca7-3987a58b199a>,<urn:uuid:03371ad1-0da5-4287-81b2-44be295ea9c6>,<urn:uuid:41089633-f0a0-45b5-b32f-697cffa31871>,<urn:uuid:e3e7cb81-0879-4a99-bdb0-c3856dbae474>
526,<urn:uuid:508996e1-eaef-4bb4-b6d2-272ca669de90>,<urn:uuid:508996e1-eaef-4bb4-b6d2-272ca669de90>,<urn:uuid:d6b9c31f-05e3-4d61-a9a3-67499ad27dfd>,<urn:uuid:390b291e-7ad6-4a6f-886f-0918685ae95a>,<urn:uuid:240d1f9c-cf2f-4d5b-8e82-95c448c62b85>
527,<urn:uuid:b1284cd5-8760-4098-b998-9099fd25eb23>,<urn:uuid:b1284cd5-8760-4098-b998-9099fd25eb23>,<urn:uuid:1b1c1d93-2d9e-4e35-99b3-2ca8acdb79a7>,<urn:uuid:15dfc4b2-5a9b-4615-a25f-987b263355f1>,<urn:uuid:99b8e197-7887-408e-a073-cff489a9dee1>
528,<urn:uuid:eeadad06-d2cd-49d9-8ff5-e610d6275fba>,<urn:uuid:1d57d786-74b9-4c01-9113-83c3411f7da5>,<urn:uuid:a0d8f62f-1a0f-4f44-889d-6c20897750f1>,<urn:uuid:46964b3c-df50-4a66-8fd5-bee01e5f96f9>,<urn:uuid:67f7bbf2-c421-4c20-bbf7-e9839d1fe25c>
529,<urn:uuid:6ebae4be-0735-4981-9f7d-c05c82961eb1>,<urn:uuid:6ebae4be-0735-4981-9f7d-c05c82961eb1>,<urn:uuid:8ed08128-44b7-4def-b605-1e155c4ae1f8>,<urn:uuid:0dd6b3b9-adb7-4e60-b5a5-315da13a02e0>,<urn:uuid:a997cabd-c91e-4d99-82cc-8a3803042382>
530,<urn:uuid:a93a6f5f-998f-4072-a78f-e90c4bfd9ec7>,<urn:uuid:5119ffdd-2b51-41a5-b435-66477ae9d74d>,<urn:uuid:b27e5516-d6fe-4b2b-91ba-70babd6754f9>,<urn:uuid:e3a74b5a-1ac0-406e-a883-5cb50211320e>,<urn:uuid:abd1778d-9ce8-443b-a8e7-ee459d71c85a>
531,<urn:uuid:53f462df-513e-48df-9141-9c5ecbec9ad4>,<urn:uuid:53f462df-513e-48df-9141-9c5ecbec9ad4>,<urn:uuid:c739ed6b-336d-47f1-a94a-14c8e462166f>,<urn:uuid:722d7999-cde2-420d-8442-995c6fe58712>,<urn:uuid:c4125192-1072-4e0d-84ee-4910abb79f5e>
532,<urn:uuid:600d84eb-1c98-41de-bd2a-2f48e546bc4d>,<urn:uuid:600d84eb-1c98-41de-bd2a-2f48e546bc4d>,<urn:uuid:1b647d68-8f7e-414b-a9e9-41aabe264131>,<urn:uuid:a2626646-66d0-4071-b5ec-eda4f2af559b>,<urn:uuid:36cd269a-5423-407e-a771-afbff6131b22>
533,<urn:uuid:209225d3-b9fc-4eda-ac27-ef865f7027f4>,<urn:uuid:209225d3-b9fc-4eda-ac27-ef865f7027f4>,<urn:uuid:778e69e2-32b1-492e-abb5-2ecc8198fbbb>,<urn:uuid:e9626813-16d1-4f85-9663-9675ddfe33db>,<urn:uuid:09d89a09-13be-4a27-ba16-17978b424f64>
534,<urn:uuid:c2b889a5-3336-43c5-b957-1c3d531be5ef>,<urn:uuid:c2b889a5-3336-43c5-b957-1c3d531be5ef>,<urn:uuid:412f36e6-0d20-4fd1-8799-ebb467da7de5>,<urn:uuid:4fed4e00-ba4c-493d-9baf-9e9ac9df2b02>,<urn:uuid:ede4afce-981a-4e15-8e10-936ec63e2513>
535,<urn:uuid:9e83252d-da78-4cc4-869f-b21630166fe1>,<urn:uuid:9e83252d-da78-4cc4-869f-b21630166fe1>,<urn:uuid:21e6567b-8d54-4896-8b7a-05a0c5e27470>,<urn:uuid:9d2b8661-0685-4217-8909-70cfdd3f9fd2>,<urn:uuid:de21c854-2b3d-4f03-83d9-40bd0130c1a1>
536,<urn:uuid:9bb9503f-de13-4b3b-87a4-4cddef989356>,<urn:uuid:9bb9503f-de13-4b3b-87a4-4cddef989356>,<urn:uuid:92e076f7-da76-4b86-b76c-44c756a3e2b1>,<urn:uuid:011ec9a9-a91b-42b9-bdab-e59200890b1e>,<urn:uuid:9a1fb378-cdfe-4651-9f01-a38e02ae6cb3>
537,<urn:uuid:78b9673a-ee73-4ac7-98ba-2b0f61f668a1>,<urn:uuid:ba390f2c-053a-4a5b-aeb6-f8d2eeb838ca>,<urn:uuid:46964b3c-df50-4a66-8fd5-bee01e5f96f9>,<urn:uuid:698b5e61-fc66-4d0d-90d7-a5dab9555dee>,<urn:uuid:ff0b6a5d-d4eb-4214-91de-b81d18a871d1>
538,<urn:uuid:e308dff6-b2d7-470d-8f5f-e4478d56ac1f>,<urn:uuid:e308dff6-b2d7-470d-8f5f-e4478d56ac1f>,<urn:uuid:0f3d4ad0-77d6-40ba-a5f2-e5173a05fc9e>,<urn:uuid:412bff32-aafc-4f1d-bba3-6da0e791777e>,<urn:uuid:72ad3fa4-7c97-4efa-8858-fb17cd3339f1>
539,<urn:uuid:ffc8fbcc-8676-4747-bcc0-0ddef0e29323>,<urn:uuid:ffc8fbcc-8676-4747-bcc0-0ddef0e29323>,<urn:uuid:e00ecb6e-e88a-450b-a302-0b116114dd7e>,<urn:uuid:969973e2-30db-4284-ba29-214a38330397>,<urn:uuid:bccf47a7-4f0b-4e1d-9533-a7c94dd56fe2>
540,<urn:uuid:1bed59e1-fa1d-487f-ba20-f15f702b29c7>,<urn:uuid:80b0b672-e885-442d-ad2c-9fc8d493e9ba>,<urn:uuid:44350e1a-37d7-43a7-9e98-1cb587039c8c>,<urn:uuid:afa814c7-314d-4c61-9f26-1913a9080ae7>,<urn:uuid:a1b1452f-c2d2-4a09-ae08-015e18346589>
541,<urn:uuid:df9b09a3-f4b1-4c1a-adae-52933639c259>,<urn:uuid:24bd1f08-74b6-4bf1-9dc8-c18b13060263>,<urn:uuid:e2fadfd2-eeb3-49bc-a37f-faaec1db8726>,<urn:uuid:93817547-d021-41a1-a59d-a4c68220cc4f>,<urn:uuid:698b5e61-fc66-4d0d-90d7-a5dab9555dee>
542,<urn:uuid:3c35180c-1e3b-4979-b2d2-a1e38b2cc3b7>,<urn:uuid:3c35180c-1e3b-4979-b2d2-a1e38b2cc3b7>,<urn:uuid:84b66df7-30b2-429a-9e4a-cbe4ca3563c2>,<urn:uuid:6ebae4be-0735-4981-9f7d-c05c82961eb1>,<urn:uuid:d91a965e-3c8f-4cc1-a895-d03277ec417f>
543,<urn:uuid:ad6f1737-d53c-4a11-8a2d-7fee2f70adb9>,<urn:uuid:ad6f1737-d53c-4a11-8a2d-7fee2f70adb9>,<urn:uuid:790b23e1-bb06-4c74-a461-14a13bac7022>,<urn:uuid:064777e4-515b-4f43-80f9-ad16537b1ff4>,<urn:uuid:b1299808-8154-4658-bb0d-b86e3a0d803d>
544,<urn:uuid:122ad935-c5c0-4540-b2de-0372f1769b7c>,<urn:uuid:122ad935-c5c0-4540-b2de-0372f1769b7c>,<urn:uuid:77cabf9d-0fe6-4891-a21f-60556c0428df>,<urn:uuid:825b5cfc-b291-4402-b83f-d58d115f1d30>,<urn:uuid:338d49ba-4d0f-4ecc-8f20-a8534eeb09ce>
545,<urn:uuid:072f48a9-639e-4bb3-932c-5a2de4f05205>,<urn:uuid:072f48a9-639e-4bb3-932c-5a2de4f05205>,<urn:uuid:e9626813-16d1-4f85-9663-9675ddfe33db>,<urn:uuid:b9006fab-bba1-48b0-ae57-74b795c6f675>,<urn:uuid:f053b1ad-b4c2-4fd4-82e0-3b3911b2a232>
546,<urn:uuid:3204b735-7db3-4246-8e9f-e7e80a379234>,<urn:uuid:3204b735-7db3-4246-8e9f-e7e80a379234>,<urn:uuid:ae4a69a3-9c5d-43e4-bb67-94cc9d5d9975>,<urn:uuid:deafac80-9ae7-4674-9963-740f86ede8de>,<urn:uuid:214fd24b-a264-4e79-a8eb-0aec014a2416>
547,<urn:uuid:1102ae19-ef3f-4034-bc56-724c8efc0dea>,<urn:uuid:1102ae19-ef3f-4034-bc56-724c8efc0dea>,<urn:uuid:d3384eae-623e-44ae-af1e-7f894001ae05>,<urn:uuid:3e1e1b93-b8f0-4619-9484-d26d10d3db3e>,<urn:uuid:e5dcee7c-d28f-4e70-ae79-eea834ad2a59>
548,<urn:uuid:a0d8f62f-1a0f-4f44-889d-6c20897750f1>,<urn:uuid:a0d8f62f-1a0f-4f44-889d-6c20897750f1>,<urn:uuid:3b8b0639-44e9-4754-bdc0-839985a26e69>,<urn:uuid:56ac4dd1-8434-4de6-bc4b-e2cb916b9cb2>,<urn:uuid:072f48a9-639e-4bb3-932c-5a2de4f05205>
549,<urn:uuid:ff4a7877-2a3b-4a92-b900-e937757519a4>,<urn:uuid:ff4a7877-2a3b-4a92-b900-e937757519a4>,<urn:uuid:eff080ef-f673-4d1e-ab34-0391eda1bdef>,<urn:uuid:d54e39fe-1c10-40e4-9e16-e366f844b401>,<urn:uuid:1b5e4271-0369-4c27-9709-03a14714d0a7>
550,<urn:uuid:58bfe109-169b-4ba7-b3ca-d476f5aa9b73>,<urn:uuid:9c46d53e-8b52-4d9f-8498-ed0639f71f42>,<urn:uuid:05f17a32-8403-4dda-bab5-9620ed60629c>,<urn:uuid:0e4b4f39-7373-4a4b-9eaa-b9b8607dbf18>,<urn:uuid:3692ea02-2081-4835-b4f6-6e4005d47687>
551,<urn:uuid:e5c06a6d-e7c7-42c4-82ab-6f06f0971ea7>,<urn:uuid:e5c06a6d-e7c7-42c4-82ab-6f06f0971ea7>,<urn:uuid:b85043d7-7741-41f1-a671-c86193a1da07>,<urn:uuid:65fdef64-6a10-4c38-b52e-cd2b6dbcd4b3>,<urn:uuid:02f34621-8637-45e1-914b-c5c135461cae>
552,<urn:uuid:f8a8c857-888a-4fc1-8015-b3af16a45ebd>,<urn:uuid:f8a8c857-888a-4fc1-8015-b3af16a45ebd>,<urn:uuid:44196a89-a55c-4dd4-8aea-77305b70bbbc>,<urn:uuid:dc2a1c36-cf7a-4f99-b21b-240694f91c2b>,<urn:uuid:9d2b8661-0685-4217-8909-70cfdd3f9fd2>
553,<urn:uuid:8eee0d9a-04da-4e32-90dd-2d6aa322b1ad>,<urn:uuid:8eee0d9a-04da-4e32-90dd-2d6aa322b1ad>,<urn:uuid:a0797c56-a375-429c-9913-183b3aacd51d>,<urn:uuid:3b8b0639-44e9-4754-bdc0-839985a26e69>,<urn:uuid:778e69e2-32b1-492e-abb5-2ecc8198fbbb>
554,<urn:uuid:8f091444-cd84-4ad2-a0df-4ce3cbb76f23>,<urn:uuid:8f091444-cd84-4ad2-a0df-4ce3cbb76f23>,<urn:uuid:0c7e77df-0623-48d7-a656-fdc76940c01e>,<urn:uuid:a503cfde-c577-407c-b1ac-21384e127b06>,<urn:uuid:04f05882-a2e6-47dd-a405-11599870ff8d>
555,<urn:uuid:43d4723f-6855-4632-8162-ff12297a89dd>,<urn:uuid:43d4723f-6855-4632-8162-ff12297a89dd>,<urn:uuid:98723742-0333-4ae6-b7ba-8bd92d4d8b88>,<urn:uuid:5390ab27-470c-4732-af07-758ed288ca5d>,<urn:uuid:db3f649b-0f33-4b6b-9621-4333e4d26873>
556,<urn:uuid:0f3d4ad0-77d6-40ba-a5f2-e5173a05fc9e>,<urn:uuid:0f3d4ad0-77d6-40ba-a5f2-e5173a05fc9e>,<urn:uuid:af9d46db-12a9-41d8-9687-1b4232404418>,<urn:uuid:7cc03573-addb-413c-a040-b955b704e196>,<urn:uuid:a7ecf244-7468-4ba3-bf2f-31b309c16b89>
557,<urn:uuid:283ddd47-818a-4aa3-852c-cb1c69818856>,<urn:uuid:283ddd47-818a-4aa3-852c-cb1c69818856>,<urn:uuid:60fb7104-40c1-4dee-ace6-bc68f27db5b5>,<urn:uuid:42890db0-bb22-4f94-a369-916bd3f9c180>,<urn:uuid:969973e2-30db-4284-ba29-214a38330397>
558,<urn:uuid:25dc5bba-798f-4f08-ace4-ddda3014810d>,<urn:uuid:25dc5bba-798f-4f08-ace4-ddda3014810d>,<urn:uuid:36cd269a-5423-407e-a771-afbff6131b22>,<urn:uuid:df8294c1-2be3-414a-8729-70a17c6dda9c>,<urn:uuid:14e7fb43-328c-4b9c-b400-2b74eba27276>
559,<urn:uuid:2f442076-cc62-48de-a008-ce2907af27af>,<urn:uuid:2f442076-cc62-48de-a008-ce2907af27af>,<urn:uuid:821308bb-e50d-4765-840f-baf20ba50181>,<urn:uuid:9f2eefaa-f63b-4179-bfbb-110f286cfb37>,<urn:uuid:9be4171c-097e-4e3a-8e8e-2130f4c8f040>
560,<urn:uuid:41089633-f0a0-45b5-b32f-697cffa31871>,<urn:uuid:41089633-f0a0-45b5-b32f-697cffa31871>,<urn:uuid:a50dae77-dd33-4f9e-8c1c-2af030a5a1e8>,<urn:uuid:b6061d96-efd2-4428-9201-b7988cf37b4f>,<urn:uuid:fd8abdde-7ec5-4748-8660-c01243a82990>
561,<urn:uuid:27958af4-ad88-4cda-a39f-fffe7e5702d3>,<urn:uuid:e5baa0f9-fba0-4401-b37f-f30a1ee7d8a5>,<urn:uuid:61c8cd97-7e7a-4add-bf69-5d7b545604d2>,<urn:uuid:44350e1a-37d7-43a7-9e98-1cb587039c8c>,<urn:uuid:24c04f51-0c80-4154-b9ef-b135c455a1b8>
562,<urn:uuid:8393d16b-d5db-4292-9845-e2cf6b140450>,<urn:uuid:8393d16b-d5db-4292-9845-e2cf6b140450>,<urn:uuid:eb349f39-b20a-48ba-b501-982b34724dad>,<urn:uuid:059832e3-f4e9-4db9-9bef-a4e03aa838ca>,<urn:uuid:5b4164ab-8d9b-47b8-b97e-fbdf93713be5>
563,<urn:uuid:01d872aa-770d-44b6-941e-aae47838f84c>,<urn:uuid:01d872aa-770d-44b6-941e-aae47838f84c>,<urn:uuid:44350e1a-37d7-43a7-9e98-1cb587039c8c>,<urn:uuid:931bb9ce-5c20-4476-9993-cfb34d4958b8>,<urn:uuid:1701fedb-1581-42d2-baa3-3b1e7db92067>
564,<urn:uuid:3e3733b0-5211-40af-a6a8-f56292c81fe9>,<urn:uuid:3e3733b0-5211-40af-a6a8-f56292c81fe9>,<urn:uuid:b71548a9-7676-4547-82a9-4ea6d1a91415>,<urn:uuid:9f2eefaa-f63b-4179-bfbb-110f286cfb37>,<urn:uuid:209225d3-b9fc-4eda-ac27-ef865f7027f4>
565,<urn:uuid:ce853999-3a89-4fa7-aa06-a282849f3836>,<urn:uuid:ce853999-3a89-4fa7-aa06-a282849f3836>,<urn:uuid:899a755b-6307-4dd9-86ad-2f04c7e68866>,<urn:uuid:cb53abe9-dd23-4b73-bb2b-278daac0bfeb>,<urn:uuid:46964b3c-df50-4a66-8fd5-bee01e5f96f9>
566,<urn:uuid:59112fa2-d5e4-411c-adb0-b3429470125d>,<urn:uuid:59112fa2-d5e4-411c-adb0-b3429470125d>,<urn:uuid:245c44ae-121f-48da-896e-6a6b6f31b298>,<urn:uuid:99eb351f-d2b3-45ed-9ec7-cf061b12ebed>,<urn:uuid:a3a65e76-f025-437e-a36e-ccaf51e8159e>
567,<urn:uuid:4fed4e00-ba4c-493d-9baf-9e9ac9df2b02>,<urn:uuid:4fed4e00-ba4c-493d-9baf-9e9ac9df2b02>,<urn:uuid:11ae8d96-500a-4c2d-8e4c-55bdb9c9f0fc>,<urn:uuid:b38d89b7-8b33-4f22-b7fc-81fea69fea23>,<urn:uuid:f7fec4ae-7250-4284-9612-800a389ed2c6>
568,<urn:uuid:bdfed838-dafd-46f5-b133-b0f2c4e8917f>,<urn:uuid:bdfed838-dafd-46f5-b133-b0f2c4e8917f>,<urn:uuid:6be3f26d-95fe-4921-a98e-44b2c665dbfd>,<urn:uuid:618b59ca-9661-450d-987b-a6980370c8f6>,<urn:uuid:3c5a26df-bc02-46f4-a811-1739ff565de5>
569,<urn:uuid:bc32e7ab-5086-42bb-9494-e3af58eb9157>,<urn:uuid:bc32e7ab-5086-42bb-9494-e3af58eb9157>,<urn:uuid:b3af644d-7b53-4660-b59a-998815512f7c>,<urn:uuid:2cdefe78-2025-41b5-90ab-32349fb57aa8>,<urn:uuid:65b8829e-bba2-4b3b-8773-a85a7704dab8>
570,<urn:uuid:78094180-0326-41a6-a75c-943eceb531d3>,<urn:uuid:78094180-0326-41a6-a75c-943eceb531d3>,<urn:uuid:9bf0f51c-b693-4840-88eb-7772888bba75>,<urn:uuid:3d21b5ee-5cbb-45e4-92f9-a1c6f2d09a5a>,<urn:uuid:a08f785c-0710-4429-bbcd-16a9ca812176>
571,<urn:uuid:c8652b24-23e6-4bcc-8544-0eed908ba8ab>,<urn:uuid:c8652b24-23e6-4bcc-8544-0eed908ba8ab>,<urn:uuid:05a62ba5-47cc-4e94-a9d1-4b3dab2f206a>,<urn:uuid:60ed65cf-6b2a-44be-a139-8de8a6aebc71>,<urn:uuid:7176e405-d655-4769-ae29-73f31efcac72>
572,<urn:uuid:c599a502-c2a7-4f11-bf72-0c2c2fb88534>,<urn:uuid:c599a502-c2a7-4f11-bf72-0c2c2fb88534>,<urn:uuid:5bc96815-ff3c-431c-899f-254ae1e1d071>,<urn:uuid:73f8c06e-56ce-4ff2-bbc8-2f64b05879e7>,<urn:uuid:6dacc463-957a-466f-bfa9-3c4d7069b5ed>
573,<urn:uuid:a997cabd-c91e-4d99-82cc-8a3803042382>,<urn:uuid:a997cabd-c91e-4d99-82cc-8a3803042382>,<urn:uuid:87abeb51-e6a6-4489-bf5f-67c57c678fa9>,<urn:uuid:db5835e3-82e0-4cf7-b4ef-071dc7f9bf0b>,<urn:uuid:79e5cce9-0ccd-428e-bffe-2240bed6e997>
574,<urn:uuid:1337b61c-0867-4d0e-940b-b6f821cdad7e>,<urn:uuid:1337b61c-0867-4d0e-940b-b6f821cdad7e>,<urn:uuid:818232ea-fcc2-4583-aed2-867a58373f76>,<urn:uuid:1e653d34-6bc2-46dc-9c5b-b8b811dec257>,<urn:uuid:024eb9b0-d571-4edd-b2c7-c653ae7964be>
575,<urn:uuid:23a99d51-26bc-4b22-b22f-5136cc338775>,<urn:uuid:23a99d51-26bc-4b22-b22f-5136cc338775>,<urn:uuid:2bd8f6e9-cac3-4160-9207-55eff5a4e4e9>,<urn:uuid:73465f65-8039-4efa-b174-5fe43937bba6>,<urn:uuid:3858a57d-1fdd-4d57-8a84-fc51d0fb40b1>
576,<urn:uuid:024eb9b0-d571-4edd-b2c7-c653ae7964be>,<urn:uuid:024eb9b0-d571-4edd-b2c7-c653ae7964be>,<urn:uuid:5e6a6d28-6408-45ba-96d9-d96b1f6d0f4b>,<urn:uuid:06d8ecec-7558-40d9-92bb-155b201c6840>,<urn:uuid:ec44cd3d-348e-4187-b037-9ebc01c9653a>
577,<urn:uuid:6e2f6dc8-9bb2-4089-bc6c-b4fe9d071b2b>,<urn:uuid:cd307a3e-07ed-4d41-a8c1-d8a864e6a6c0>,<urn:uuid:6e2f6dc8-9bb2-4089-bc6c-b4fe9d071b2b>,<urn:uuid:1983be25-4f13-418c-a3dd-66379d5d2d64>,<urn:uuid:2cdefe78-2025-41b5-90ab-32349fb57aa8>
578,<urn:uuid:5c989306-8619-4240-9ee7-fec05752c0a3>,<urn:uuid:48f432ea-fc1f-4157-ba1d-ad76efe58552>,<urn:uuid:5c989306-8619-4240-9ee7-fec05752c0a3>,<urn:uuid:774e307b-69b0-4977-84d6-0a1f32891cf8>,<urn:uuid:a512ff92-05ad-4fc5-a8a4-29eb4dcaceda>
579,<urn:uuid:90aa48c3-d93d-4673-a092-753f0f722d1b>,<urn:uuid:b3af644d-7b53-4660-b59a-998815512f7c>,<urn:uuid:bc32e7ab-5086-42bb-9494-e3af58eb9157>,<urn:uuid:e5baa0f9-fba0-4401-b37f-f30a1ee7d8a5>,<urn:uuid:82543037-818c-4120-b4e9-122ca613d932>
580,<urn:uuid:6dacc463-957a-466f-bfa9-3c4d7069b5ed>,<urn:uuid:6dacc463-957a-466f-bfa9-3c4d7069b5ed>,<urn:uuid:64977a97-5fb4-493d-bf24-7b699f597e52>,<urn:uuid:44196a89-a55c-4dd4-8aea-77305b70bbbc>,<urn:uuid:bc7f40c7-9498-47df-9f0b-cb8c1ce6227f>
581,<urn:uuid:0cca6048-a333-46db-8414-2573b5f285b4>,<urn:uuid:0cca6048-a333-46db-8414-2573b5f285b4>,<urn:uuid:6c056c27-c584-4e7f-90f3-d47f3b9fd8fd>,<urn:uuid:698b5e61-fc66-4d0d-90d7-a5dab9555dee>,<urn:uuid:6e2f6dc8-9bb2-4089-bc6c-b4fe9d071b2b>
582,<urn:uuid:e28c2a54-64e6-4400-8ee3-caa2180f5013>,<urn:uuid:e28c2a54-64e6-4400-8ee3-caa2180f5013>,<urn:uuid:09c6a0ef-464b-454f-8dc9-f4c62fd515f6>,<urn:uuid:90fb6974-d958-4e94-bf6d-73b704250443>,<urn:uuid:36cd269a-5423-407e-a771-afbff6131b22>
583,<urn:uuid:fa543414-fed9-43bb-96f4-08b182deec73>,<urn:uuid:fa543414-fed9-43bb-96f4-08b182deec73>,<urn:uuid:7c4fdaa1-94cd-469a-a6b4-beaeb8847150>,<urn:uuid:f7296b61-b59f-45ca-b0ce-70e136421f53>,<urn:uuid:ec857598-081d-4480-a9ef-3e1a041e672c>
584,<urn:uuid:2bd8f6e9-cac3-4160-9207-55eff5a4e4e9>,<urn:uuid:2bd8f6e9-cac3-4160-9207-55eff5a4e4e9>,<urn:uuid:f1506dee-093a-49b4-8deb-2627bdafd5f9>,<urn:uuid:818232ea-fcc2-4583-aed2-867a58373f76>,<urn:uuid:8a844a25-e837-46e5-ade0-f811e58d5ef7>
585,<urn:uuid:93add79e-45f7-4a8e-bcf6-e992d1cd25f9>,<urn:uuid:93add79e-45f7-4a8e-bcf6-e992d1cd25f9>,<urn:uuid:9486e766-d44c-4c84-bc22-06ff857cac92>,<urn:uuid:12e21dd3-ba73-4b97-a10b-d3aa2cd10ea4>,<urn:uuid:4648fddd-4625-47a8-a524-31a8edbe9244>
586,<urn:uuid:1d37aeb0-690d-4d22-aeea-b7eb005b9291>,<urn:uuid:1d37aeb0-690d-4d22-aeea-b7eb005b9291>,<urn:uuid:8ef8f7c1-8b40-434a-bdc1-b993ec5bdd41>,<urn:uuid:d09114fa-91f2-4f58-994a-03232ffd1739>,<urn:uuid:7ee57d9c-4e24-47d1-89a1-5eb49b937e90>
587,<urn:uuid:cb53abe9-dd23-4b73-bb2b-278daac0bfeb>,<urn:uuid:cb53abe9-dd23-4b73-bb2b-278daac0bfeb>,<urn:uuid:dbc80200-7b13-4f67-ad29-7772fd5ba940>,<urn:uuid:eb349f39-b20a-48ba-b501-982b34724dad>,<urn:uuid:8cabc739-c6ab-4168-b1da-2c963318cbe8>
588,<urn:uuid:1983be25-4f13-418c-a3dd-66379d5d2d64>,<urn:uuid:698b5e61-fc66-4d0d-90d7-a5dab9555dee>,<urn:uuid:1983be25-4f13-418c-a3dd-66379d5d2d64>,<urn:uuid:2e1e78ac-1d7f-4299-ba99-b3e8caf5f31b>,<urn:uuid:038b5b33-85cc-4fa2-926d-24f9b32799a8>
589,<urn:uuid:df132428-aca4-4583-9050-7a60138a2bcb>,<urn:uuid:df132428-aca4-4583-9050-7a60138a2bcb>,<urn:uuid:e3a74b5a-1ac0-406e-a883-5cb50211320e>,<urn:uuid:77cabf9d-0fe6-4891-a21f-60556c0428df>,<urn:uuid:6ba64c55-7fdd-4adf-936d-ed8775268036>
590,<urn:uuid:c59744bc-2caa-45d0-b4c3-90b4ff3c21fa>,<urn:uuid:c59744bc-2caa-45d0-b4c3-90b4ff3c21fa>,<urn:uuid:969973e2-30db-4284-ba29-214a38330397>,<urn:uuid:b7199967-2525-4509-b327-ad8590b8bf05>,<urn:uuid:8fdbcf01-24a7-41d5-9046-4f7a6a795fdc>
591,<urn:uuid:5deb865f-b901-4c16-a213-6522d156797a>,<urn:uuid:5deb865f-b901-4c16-a213-6522d156797a>,<urn:uuid:8393d16b-d5db-4292-9845-e2cf6b140450>,<urn:uuid:a512ff92-05ad-4fc5-a8a4-29eb4dcaceda>,<urn:uuid:e3e7cb81-0879-4a99-bdb0-c3856dbae474>
592,<urn:uuid:f972f07b-b101-435f-a4aa-25915ec3497b>,<urn:uuid:f972f07b-b101-435f-a4aa-25915ec3497b>,<urn:uuid:06e56b57-27ed-41e8-b1b7-c86f05b7278d>,<urn:uuid:2a428d4c-28a5-4c65-baa1-d3f6df4fd403>,<urn:uuid:dec2d6a0-4493-4f2e-80b3-32d41daf74b0>
593,<urn:uuid:d7ce7378-acf9-4da5-893d-774f0078bcb0>,<urn:uuid:d7ce7378-acf9-4da5-893d-774f0078bcb0>,<urn:uuid:0560027a-6b45-460d-a1c1-7d2f3e62ef67>,<urn:uuid:600d84eb-1c98-41de-bd2a-2f48e546bc4d>,<urn:uuid:80f5e51f-9ef5-4415-854f-7cb5b9c900bd>
594,<urn:uuid:43def4e6-6a7a-4991-9701-23c67485b060>,<urn:uuid:43def4e6-6a7a-4991-9701-23c67485b060>,<urn:uuid:77cabf9d-0fe6-4891-a21f-60556c0428df>,<urn:uuid:1d57d786-74b9-4c01-9113-83c3411f7da5>,<urn:uuid:b27e5516-d6fe-4b2b-91ba-70babd6754f9>
595,<urn:uuid:3e1e1b93-b8f0-4619-9484-d26d10d3db3e>,<urn:uuid:3e1e1b93-b8f0-4619-9484-d26d10d3db3e>,<urn:uuid:f9e86710-e81e-418f-8466-36b2ff674f80>,<urn:uuid:3d92d28b-3fff-466d-905f-8f4649ec2166>,<urn:uuid:a801082a-4114-4f38-90e1-84893cd27f82>
596,<urn:uuid:1be51bed-e361-4644-a215-539f23ba02e5>,<urn:uuid:1be51bed-e361-4644-a215-539f23ba02e5>,<urn:uuid:6355eb03-9d78-4c03-82fd-f913ffd3ba32>,<urn:uuid:a512ff92-05ad-4fc5-a8a4-29eb4dcaceda>,<urn:uuid:6f20a64f-0b01-458c-b2c2-bcd87e04d52f>
597,<urn:uuid:a512ff92-05ad-4fc5-a8a4-29eb4dcaceda>,<urn:uuid:a512ff92-05ad-4fc5-a8a4-29eb4dcaceda>,<urn:uuid:61b3a08d-a942-4fea-90f6-0403751beba0>,<urn:uuid:ac9ff2f2-2b88-4849-9aad-a65bc9a946dc>,<urn:uuid:698b5e61-fc66-4d0d-90d7-a5dab9555dee>
598,<urn:uuid:5df7081e-a1a2-44fa-b75d-d22fb1b4246a>,<urn:uuid:5df7081e-a1a2-44fa-b75d-d22fb1b4246a>,<urn:uuid:b3b1b79f-40b2-4113-8917-ca39b8f19639>,<urn:uuid:41155354-939f-4f71-9294-fe231f77500a>,<urn:uuid:46964b3c-df50-4a66-8fd5-bee01e5f96f9>
599,<urn:uuid:3b2bc4dd-998c-43bd-aad4-3e1fb4ba132b>,<urn:uuid:b7199967-2525-4509-b327-ad8590b8bf05>,<urn:uuid:3b2bc4dd-998c-43bd-aad4-3e1fb4ba132b>,<urn:uuid:f8fe4a00-02b8-4ad8-a24a-997ee3eed80f>,<urn:uuid:bf1453ca-6757-4e29-8d07-856acc67c8d3>
600,<urn:uuid:c0e126ab-0850-4d07-9e8b-7b51b7216271>,<urn:uuid:c0e126ab-0850-4d07-9e8b-7b51b7216271>,<urn:uuid:032153b8-ec2b-4588-b4c5-757bb150b3fb>,<urn:uuid:eb349f39-b20a-48ba-b501-982b34724dad>,<urn:uuid:12e21dd3-ba73-4b97-a10b-d3aa2cd10ea4>
601,<urn:uuid:3b10a642-c263-4d3f-9369-720d56b8b397>,<urn:uuid:3b10a642-c263-4d3f-9369-720d56b8b397>,<urn:uuid:d91a965e-3c8f-4cc1-a895-d03277ec417f>,<urn:uuid:46c4d410-ea0c-444e-a763-df75f89bf24f>,<urn:uuid:32f3148d-84c4-4d8b-84f3-a8192fea6140>
602,<urn:uuid:65fdef64-6a10-4c38-b52e-cd2b6dbcd4b3>,<urn:uuid:65fdef64-6a10-4c38-b52e-cd2b6dbcd4b3>,<urn:uuid:793cbf4e-d6ef-4fe6-8f18-0d66df961457>,<urn:uuid:af48b556-3c27-4289-97fe-99de7f8acb96>,<urn:uuid:27cb0d3c-042e-4f2d-8531-6ff966e92343>
603,<urn:uuid:5cb25ac1-22a1-4b93-a99d-b93b0f69cb86>,<urn:uuid:5cb25ac1-22a1-4b93-a99d-b93b0f69cb86>,<urn:uuid:8aacbb44-510c-4fb8-9e68-1f1f41281986>,<urn:uuid:a503cfde-c577-407c-b1ac-21384e127b06>,<urn:uuid:a1b1452f-c2d2-4a09-ae08-015e18346589>
604,<urn:uuid:a08f785c-0710-4429-bbcd-16a9ca812176>,<urn:uuid:a08f785c-0710-4429-bbcd-16a9ca812176>,<urn:uuid:7763daf9-16ee-4758-b18f-d46000cef8b4>,<urn:uuid:7c464f22-9010-4dff-8ce5-93edb5f29ef3>,<urn:uuid:d2edd676-d96b-4e95-a90f-bf5a7c50f6b9>
605,<urn:uuid:a2626646-66d0-4071-b5ec-eda4f2af559b>,<urn:uuid:a2626646-66d0-4071-b5ec-eda4f2af559b>,<urn:uuid:50738e92-950d-4920-901f-8e4d54583d20>,<urn:uuid:b902fbc3-ed0d-4476-9afe-dbb5c9eeb65a>,<urn:uuid:84b66df7-30b2-429a-9e4a-cbe4ca3563c2>
606,<urn:uuid:1c0b6040-6699-46f3-b6a6-057082029af3>,<urn:uuid:1701fedb-1581-42d2-baa3-3b1e7db92067>,<urn:uuid:1c0b6040-6699-46f3-b6a6-057082029af3>,<urn:uuid:cb672a8f-eae8-4e2d-bd5d-64ac367889b5>,<urn:uuid:93add79e-45f7-4a8e-bcf6-e992d1cd25f9>
607,<urn:uuid:3d92d28b-3fff-466d-905f-8f4649ec2166>,<urn:uuid:3d92d28b-3fff-466d-905f-8f4649ec2166>,<urn:uuid:9d2b8661-0685-4217-8909-70cfdd3f9fd2>,<urn:uuid:07d1bc02-106b-4eae-b449-23970818af5c>,<urn:uuid:44196a89-a55c-4dd4-8aea-77305b70bbbc>
608,<urn:uuid:f4f1449b-2f54-4ae7-836c-198852ff9a8e>,<urn:uuid:f4f1449b-2f54-4ae7-836c-198852ff9a8e>,<urn:uuid:65b8829e-bba2-4b3b-8773-a85a7704dab8>,<urn:uuid:2f98d6d2-bdd5-46a7-9ca6-48d4aa618056>,<urn:uuid:15dfc4b2-5a9b-4615-a25f-987b263355f1>
609,<urn:uuid:7760a6d2-db2c-4946-aaea-c80c45511c22>,<urn:uuid:7760a6d2-db2c-4946-aaea-c80c45511c22>,<urn:uuid:c13c2252-c942-4c80-8217-1c5f803066d8>,<urn:uuid:2e1e78ac-1d7f-4299-ba99-b3e8caf5f31b>,<urn:uuid:774e307b-69b0-4977-84d6-0a1f32891cf8>
610,<urn:uuid:177f1eef-c442-49d7-8a27-d3662e4479ae>,<urn:uuid:177f1eef-c442-49d7-8a27-d3662e4479ae>,<urn:uuid:045b92cb-64d3-43b8-ba72-06b5ba435d02>,<urn:uuid:05a62ba5-47cc-4e94-a9d1-4b3dab2f206a>,<urn:uuid:9300ee37-4872-450a-8186-2775a8491b88>
611,<urn:uuid:09d89a09-13be-4a27-ba16-17978b424f64>,<urn:uuid:09d89a09-13be-4a27-ba16-17978b424f64>,<urn:uuid:b442c8f7-324e-4fd0-a3a4-ac21a43c3ede>,<urn:uuid:88bf712a-392b-4d16-a61a-c2a43fd2f174>,<urn:uuid:de772f07-a3f9-4d9e-9df6-8112ab6421ea>
612,<urn:uuid:1734b195-2552-4578-817a-2f650771cf47>,<urn:uuid:1734b195-2552-4578-817a-2f650771cf47>,<urn:uuid:46964b3c-df50-4a66-8fd5-bee01e5f96f9>,<urn:uuid:f51b7649-f487-4fe1-9fd4-957f28f8bc2b>,<urn:uuid:6c69eb5f-4049-4c40-bcb8-08f3bdd10945>
613,<urn:uuid:32f3148d-84c4-4d8b-84f3-a8192fea6140>,<urn:uuid:32f3148d-84c4-4d8b-84f3-a8192fea6140>,<urn:uuid:15dfc4b2-5a9b-4615-a25f-987b263355f1>,<urn:uuid:deafac80-9ae7-4674-9963-740f86ede8de>,<urn:uuid:9be4171c-097e-4e3a-8e8e-2130f4c8f040>
614,<urn:uuid:b9006fab-bba1-48b0-ae57-74b795c6f675>,<urn:uuid:b9006fab-bba1-48b0-ae57-74b795c6f675>,<urn:uuid:db5835e3-82e0-4cf7-b4ef-071dc7f9bf0b>,<urn:uuid:685f464a-b204-4bc0-9eee-8297f6c6ecc2>,<urn:uuid:ec44cd3d-348e-4187-b037-9ebc01c9653a>
615,<urn:uuid:094f766a-7d20-4cc4-8266-42db996ee30d>,<urn:uuid:094f766a-7d20-4cc4-8266-42db996ee30d>,<urn:uuid:4f5925e1-6466-4140-9ef4-b2d40492bae1>,<urn:uuid:65fdef64-6a10-4c38-b52e-cd2b6dbcd4b3>,<urn:uuid:95479dfb-3efd-4235-9bb8-4bfb98caab4f>
616,<urn:uuid:adea97c6-6b54-40e1-9c28-f5f46e529f98>,<urn:uuid:adea97c6-6b54-40e1-9c28-f5f46e529f98>,<urn:uuid:5cb25ac1-22a1-4b93-a99d-b93b0f69cb86>,<urn:uuid:82543037-818c-4120-b4e9-122ca613d932>,<urn:uuid:d82eef60-b4ba-44ff-a858-dfe0f1714ee2>
617,<urn:uuid:31cffbb1-a5a1-4389-a91a-2a813fb609ba>,<urn:uuid:31cffbb1-a5a1-4389-a91a-2a813fb609ba>,<urn:uuid:7763daf9-16ee-4758-b18f-d46000cef8b4>,<urn:uuid:46964b3c-df50-4a66-8fd5-bee01e5f96f9>,<urn:uuid:d62f9437-cb48-49bf-a401-865a5986d87c>
618,<urn:uuid:bf48773d-3366-4e64-9678-32571c52e82a>,<urn:uuid:bf48773d-3366-4e64-9678-32571c52e82a>,<urn:uuid:09d89a09-13be-4a27-ba16-17978b424f64>,<urn:uuid:8a8ee714-9dd9-4f6c-8aa1-60fc565584fc>,<urn:uuid:9f2eefaa-f63b-4179-bfbb-110f286cfb37>
619,<urn:uuid:fd3855c3-deb6-446a-8d39-67cac5ff4836>,<urn:uuid:fd3855c3-deb6-446a-8d39-67cac5ff4836>,<urn:uuid:9fd458c9-06d9-43cb-9638-5f33773cfcf0>,<urn:uuid:0cca6048-a333-46db-8414-2573b5f285b4>,<urn:uuid:60ed65cf-6b2a-44be-a139-8de8a6aebc71>
620,<urn:uuid:7e9f6f73-5584-4e8a-a747-dee69d10b753>,<urn:uuid:7e9f6f73-5584-4e8a-a747-dee69d10b753>,<urn:uuid:fa084c3e-b92a-494e-9ef1-a6f988f1d45c>,<urn:uuid:9e141a4f-572f-4b03-9c21-048cc99dbf26>,<urn:uuid:dfebd457-23d9-4898-9955-fb5b3f739b90>
621,<urn:uuid:e10afff5-4047-4486-a45f-ed583ad055de>,<urn:uuid:0d5422f6-604c-442c-bf03-999bd6c409ce>,<urn:uuid:e10afff5-4047-4486-a45f-ed583ad055de>,<urn:uuid:d62f9437-cb48-49bf-a401-865a5986d87c>,<urn:uuid:1d57d786-74b9-4c01-9113-83c3411f7da5>
622,<urn:uuid:7c446a4f-f81e-4751-9d7e-80d897f9f148>,<urn:uuid:7c446a4f-f81e-4751-9d7e-80d897f9f148>,<urn:uuid:36cd269a-5423-407e-a771-afbff6131b22>,<urn:uuid:43d474ec-65fb-4d16-87b6-559a43ff75a8>,<urn:uuid:d65c285d-e090-49b8-8694-dc9f91b2a708>
623,<urn:uuid:c0514d7c-bef5-4e95-bfb2-f61b4d7c2f4d>,<urn:uuid:c0514d7c-bef5-4e95-bfb2-f61b4d7c2f4d>,<urn:uuid:f972f07b-b101-435f-a4aa-25915ec3497b>,<urn:uuid:434297fb-cbe0-43e0-be23-290eaf10f927>,<urn:uuid:4ec9e7c0-a9be-49a1-9eb6-5f54a216f609>
624,<urn:uuid:240d1f9c-cf2f-4d5b-8e82-95c448c62b85>,<urn:uuid:240d1f9c-cf2f-4d5b-8e82-95c448c62b85>,<urn:uuid:92e076f7-da76-4b86-b76c-44c756a3e2b1>,<urn:uuid:5ad556f6-4499-4ceb-8d7f-c95f04b906f7>,<urn:uuid:3025e981-15dc-4a5f-8234-89f5575cb93f>
625,<urn:uuid:cbf7e173-bd47-4200-a24f-870a329a8fe0>,<urn:uuid:cbf7e173-bd47-4200-a24f-870a329a8fe0>,<urn:uuid:b9a30036-3f7c-49b8-8427-0956f8a27d63>,<urn:uuid:6cf809ad-f1f0-4ca4-a694-c563400a2c19>,<urn:uuid:4c791b02-8a34-4242-8c01-580391e19ffd>
626,<urn:uuid:7176e405-d655-4769-ae29-73f31efcac72>,<urn:uuid:7176e405-d655-4769-ae29-73f31efcac72>,<urn:uuid:1613e116-a6d3-493f-b75a-c5360debe2f1>,<urn:uuid:899a755b-6307-4dd9-86ad-2f04c7e68866>,<urn:uuid:790b23e1-bb06-4c74-a461-14a13bac7022>
627,<urn:uuid:30e75634-3936-43b2-be9e-d8954cc333f3>,<urn:uuid:30e75634-3936-43b2-be9e-d8954cc333f3>,<urn:uuid:024eb9b0-d571-4edd-b2c7-c653ae7964be>,<urn:uuid:b8518fa7-47f9-4924-bb5c-d471d7f8e1b1>,<urn:uuid:ec44cd3d-348e-4187-b037-9ebc01c9653a>
628,<urn:uuid:f1506dee-093a-49b4-8deb-2627bdafd5f9>,<urn:uuid:f1506dee-093a-49b4-8deb-2627bdafd5f9>,<urn:uuid:7740315d-0353-4178-a7a4-100c37fc49e9>,<urn:uuid:ec44cd3d-348e-4187-b037-9ebc01c9653a>,<urn:uuid:05dc7140-9baf-4d96-8004-2710c95a7fe5>
629,<urn:uuid:93817547-d021-41a1-a59d-a4c68220cc4f>,<urn:uuid:93817547-d021-41a1-a59d-a4c68220cc4f>,<urn:uuid:13c38411-12eb-470f-822f-c509ff0c0629>,<urn:uuid:1b3e2476-9072-4da9-93ef-317c6568e467>,<urn:uuid:0bbe1ed1-7019-44d2-b730-3f7b9dd7b119>
630,<urn:uuid:a99e16b9-bb14-4f1b-968e-7e893b6ea578>,<urn:uuid:a99e16b9-bb14-4f1b-968e-7e893b6ea578>,<urn:uuid:7e594e96-22dd-467c-a161-26f249298544>,<urn:uuid:78094180-0326-41a6-a75c-943eceb531d3>,<urn:uuid:508996e1-eaef-4bb4-b6d2-272ca669de90>
631,<urn:uuid:2e71740d-b892-4aa2-b88c-d86cfb1e1b69>,<urn:uuid:daa1acb8-1f0e-4f4a-8944-415534334b3a>,<urn:uuid:2e1e78ac-1d7f-4299-ba99-b3e8caf5f31b>,<urn:uuid:97c14e87-ce5f-48d9-8a4d-53fae0b9c2b3>,<urn:uuid:774e307b-69b0-4977-84d6-0a1f32891cf8>
632,<urn:uuid:0f75e0b0-59ec-4663-8e8b-2eaa0a6625fe>,<urn:uuid:0f75e0b0-59ec-4663-8e8b-2eaa0a6625fe>,<urn:uuid:419415f1-4c2b-44f7-8260-f71edfef2bf0>,<urn:uuid:0dd6b3b9-adb7-4e60-b5a5-315da13a02e0>,<urn:uuid:a997cabd-c91e-4d99-82cc-8a3803042382>
633,<urn:uuid:d17df2e5-d2f8-462f-b108-dd1d85dceb8d>,<urn:uuid:d17df2e5-d2f8-462f-b108-dd1d85dceb8d>,<urn:uuid:b08ba79d-212a-4c31-abc2-4b37382a413a>,<urn:uuid:e5dcee7c-d28f-4e70-ae79-eea834ad2a59>,<urn:uuid:76d9b291-9ca0-42f0-b016-4caddd82b406>
634,<urn:uuid:ed25b963-0fc7-4c7b-a475-f50db66a14c1>,<urn:uuid:ed25b963-0fc7-4c7b-a475-f50db66a14c1>,<urn:uuid:9f2eefaa-f63b-4179-bfbb-110f286cfb37>,<urn:uuid:821308bb-e50d-4765-840f-baf20ba50181>,<urn:uuid:094f766a-7d20-4cc4-8266-42db996ee30d>
635,<urn:uuid:a52e766b-8919-4b41-995c-956fb86757ef>,<urn:uuid:a52e766b-8919-4b41-995c-956fb86757ef>,<urn:uuid:eeadad06-d2cd-49d9-8ff5-e610d6275fba>,<urn:uuid:21e6567b-8d54-4896-8b7a-05a0c5e27470>,<urn:uuid:2d4fbe0a-3e3e-44f7-9572-818269670c9a>
636,<urn:uuid:3c5a26df-bc02-46f4-a811-1739ff565de5>,<urn:uuid:3c5a26df-bc02-46f4-a811-1739ff565de5>,<urn:uuid:92e076f7-da76-4b86-b76c-44c756a3e2b1>,<urn:uuid:0d5422f6-604c-442c-bf03-999bd6c409ce>,<urn:uuid:fd69943a-06ea-4a8b-84ed-ba20e6ad1c8a>
637,<urn:uuid:da363fa6-3f09-4e4b-980f-3e0ddd91ae4c>,<urn:uuid:da363fa6-3f09-4e4b-980f-3e0ddd91ae4c>,<urn:uuid:8955073d-81d9-4c70-8058-d15b2ea975b8>,<urn:uuid:4648fddd-4625-47a8-a524-31a8edbe9244>,<urn:uuid:b08ba79d-212a-4c31-abc2-4b37382a413a>
638,<urn:uuid:3e1ff35f-371b-4603-95db-6679537d34a2>,<urn:uuid:3e1ff35f-371b-4603-95db-6679537d34a2>,<urn:uuid:e5c06a6d-e7c7-42c4-82ab-6f06f0971ea7>,<urn:uuid:ad118918-053b-4363-8ffd-5b04c8115ffd>,<urn:uuid:30769f01-c02d-4790-8126-db9a8a50f74e>
639,<urn:uuid:58e434d6-36d1-4f0f-95ea-0b8bb3fea99b>,<urn:uuid:62da9a99-053b-4f0f-88d3-4cdd7101483d>,<urn:uuid:58e434d6-36d1-4f0f-95ea-0b8bb3fea99b>,<urn:uuid:1f673fa2-cced-4bc9-9fef-b99f0105b48a>,<urn:uuid:74a26fac-cff0-4435-82c0-35c8efceabd2>
640,<urn:uuid:b1299808-8154-4658-bb0d-b86e3a0d803d>,<urn:uuid:b1299808-8154-4658-bb0d-b86e3a0d803d>,<urn:uuid:c3bc99b6-b892-42a1-b96c-c67a85a559b9>,<urn:uuid:a99e16b9-bb14-4f1b-968e-7e893b6ea578>,<urn:uuid:b4237fc5-03a0-4103-9675-05833c9da69b>
641,<urn:uuid:f5cfc630-532e-4446-a5bc-ce33d9f16d88>,<urn:uuid:f5cfc630-532e-4446-a5bc-ce33d9f16d88>,<urn:uuid:719b9fbf-dad0-4efb-95fc-e1c84651adb5>,<urn:uuid:2a9f5e96-8f1f-43cc-b035-9399cbf8e3bf>,<urn:uuid:214fd24b-a264-4e79-a8eb-0aec014a2416>
642,<urn:uuid:d54e39fe-1c10-40e4-9e16-e366f844b401>,<urn:uuid:d54e39fe-1c10-40e4-9e16-e366f844b401>,<urn:uuid:024101e8-1cea-44b6-8562-f5708fad3974>,<urn:uuid:9f2eefaa-f63b-4179-bfbb-110f286cfb37>,<urn:uuid:fef6709a-fcbc-4dd8-9824-afb80d5be913>
643,<urn:uuid:2fd72d80-fc85-4326-a429-18cda024a1dc>,<urn:uuid:2fd72d80-fc85-4326-a429-18cda024a1dc>,<urn:uuid:e54673bd-e859-4637-af9c-d24a6ee4dc12>,<urn:uuid:f63777c6-8612-4ae2-ba24-8fbbfc0c55ef>,<urn:uuid:927a420a-f74c-4c15-b9bb-083cab3a08e3>
644,<urn:uuid:40d7296d-8705-4d4d-86ee-4794480b2857>,<urn:uuid:40d7296d-8705-4d4d-86ee-4794480b2857>,<urn:uuid:e80d017a-95cb-4a13-b9bb-6c878cbf9836>,<urn:uuid:9237fdff-408a-4603-a4d1-c8189a6506c7>,<urn:uuid:ff3eb092-6aea-457d-97c0-e1627effa797>
645,<urn:uuid:4abc6851-5087-407c-8310-a13cdebff612>,<urn:uuid:4abc6851-5087-407c-8310-a13cdebff612>,<urn:uuid:1508c87c-c728-4ce0-94e3-3a97606efe1c>,<urn:uuid:6d5110ad-d661-41e6-9efe-4891031cbb37>,<urn:uuid:3ad1da62-664e-44f3-afa0-16a9151bf947>
646,<urn:uuid:1a4946c4-7743-4e24-9de5-558b74c5ccc1>,<urn:uuid:1a4946c4-7743-4e24-9de5-558b74c5ccc1>,<urn:uuid:6355eb03-9d78-4c03-82fd-f913ffd3ba32>,<urn:uuid:a7452c4d-b1d2-4931-a246-37793a5d36e3>,<urn:uuid:7176e405-d655-4769-ae29-73f31efcac72>
647,<urn:uuid:023079f0-8f7f-434e-937e-84041c53f69e>,<urn:uuid:ed0527dd-43a2-436a-a5c5-b16717b92ce5>,<urn:uuid:023079f0-8f7f-434e-937e-84041c53f69e>,<urn:uuid:03371ad1-0da5-4287-81b2-44be295ea9c6>,<urn:uuid:07d1bc02-106b-4eae-b449-23970818af5c>
648,<urn:uuid:c13c2252-c942-4c80-8217-1c5f803066d8>,<urn:uuid:c13c2252-c942-4c80-8217-1c5f803066d8>,<urn:uuid:9237fdff-408a-4603-a4d1-c8189a6506c7>,<urn:uuid:1bb23dee-86df-4ab1-9209-1be885d0b4e7>,<urn:uuid:253b284b-b9f8-437f-b100-585ce977fcc2>
649,<urn:uuid:a9250054-2cdb-41e7-b61f-194f7efe5a32>,<urn:uuid:a9250054-2cdb-41e7-b61f-194f7efe5a32>,<urn:uuid:4fed4e00-ba4c-493d-9baf-9e9ac9df2b02>,<urn:uuid:a102a6cb-a608-493c-928f-d32a0da4dbf6>,<urn:uuid:2e1e78ac-1d7f-4299-ba99-b3e8caf5f31b>
650,<urn:uuid:c55df679-17a1-4b8c-940e-08ce6e0f3b07>,<urn:uuid:c55df679-17a1-4b8c-940e-08ce6e0f3b07>,<urn:uuid:8f94e7c8-1b7c-400b-9e24-8bf329f21ca4>,<urn:uuid:41183e6a-f3c2-4ff3-8e49-9a53b9c2365c>,<urn:uuid:03ea49e4-f6b0-430c-b68d-2f35cb206eea>
651,<urn:uuid:cf8051d4-94bb-47fd-a96f-ce30e3c01caa>,<urn:uuid:cf8051d4-94bb-47fd-a96f-ce30e3c01caa>,<urn:uuid:cd0069d0-3694-4719-b50b-89faf4eeb500>,<urn:uuid:afa814c7-314d-4c61-9f26-1913a9080ae7>,<urn:uuid:82543037-818c-4120-b4e9-122ca613d932>
652,<urn:uuid:d2edd676-d96b-4e95-a90f-bf5a7c50f6b9>,<urn:uuid:d2edd676-d96b-4e95-a90f-bf5a7c50f6b9>,<urn:uuid:a512ff92-05ad-4fc5-a8a4-29eb4dcaceda>,<urn:uuid:a9250054-2cdb-41e7-b61f-194f7efe5a32>,<urn:uuid:a102a6cb-a608-493c-928f-d32a0da4dbf6>
653,<urn:uuid:f7a95b2b-13c4-41c0-8ee3-a758e0ca22dd>,<urn:uuid:f7a95b2b-13c4-41c0-8ee3-a758e0ca22dd>,<urn:uuid:c739ed6b-336d-47f1-a94a-14c8e462166f>,<urn:uuid:0b5edab2-60a4-4c1f-9869-96c07e47a98e>,<urn:uuid:afa814c7-314d-4c61-9f26-1913a9080ae7>
654,<urn:uuid:b32dcda8-bd61-4aad-8f47-ec78e594b4c8>,<urn:uuid:ea9f9f2d-ec95-4b86-a017-a0f8f4c1fee7>,<urn:uuid:390b291e-7ad6-4a6f-886f-0918685ae95a>,<urn:uuid:f7fec4ae-7250-4284-9612-800a389ed2c6>,<urn:uuid:3f7ce126-c92d-41e3-9e23-587e0d52e2fe>
655,<urn:uuid:984a42a2-3e6b-4d39-83ce-5856bb0d0d29>,<urn:uuid:984a42a2-3e6b-4d39-83ce-5856bb0d0d29>,<urn:uuid:d1d81124-4c99-408d-9af3-91fc8ba1703a>,<urn:uuid:cb53abe9-dd23-4b73-bb2b-278daac0bfeb>,<urn:uuid:2cdefe78-2025-41b5-90ab-32349fb57aa8>
656,<urn:uuid:82c1692c-47e6-4a2d-9337-9bfbb523d2c6>,<urn:uuid:82c1692c-47e6-4a2d-9337-9bfbb523d2c6>,<urn:uuid:3b843133-5a66-4a2b-996b-1798f3aa04fb>,<urn:uuid:1ddee2ef-6bc3-47ce-82a2-bda9d0e0b70a>,<urn:uuid:bc32e7ab-5086-42bb-9494-e3af58eb9157>
657,<urn:uuid:f1e9e4f7-80cf-48a2-8fc4-6767b6c27f37>,<urn:uuid:f1e9e4f7-80cf-48a2-8fc4-6767b6c27f37>,<urn:uuid:6d4b24c5-93d9-4db9-9787-d4eaf6d93783>,<urn:uuid:a9167432-213c-4098-bb28-2ec55b9417c1>,<urn:uuid:dceee4f6-7053-44dd-a5ce-8b040c8158db>
658,<urn:uuid:20f16fdf-c42f-474b-b3ec-ab74b9cdaa14>,<urn:uuid:20f16fdf-c42f-474b-b3ec-ab74b9cdaa14>,<urn:uuid:ddf4e68e-0c83-4501-8c09-a14d4b331f20>,<urn:uuid:8218f09f-c105-44be-b323-8009dc6263dd>,<urn:uuid:17214060-f356-4582-ac19-e5b598eaa994>
659,<urn:uuid:11e6cb8a-aada-49a5-a372-d5646cb6f027>,<urn:uuid:11e6cb8a-aada-49a5-a372-d5646cb6f027>,<urn:uuid:ec77048a-b360-45e3-b68a-c48e8248d883>,<urn:uuid:a102a6cb-a608-493c-928f-d32a0da4dbf6>,<urn:uuid:cc52d17d-a967-489e-aa49-b1d2839f4bdb>
660,<urn:uuid:89bf542d-5929-49ed-8cb1-8d9ee6377bf5>,<urn:uuid:89bf542d-5929-49ed-8cb1-8d9ee6377bf5>,<urn:uuid:390b291e-7ad6-4a6f-886f-0918685ae95a>,<urn:uuid:a7452c4d-b1d2-4931-a246-37793a5d36e3>,<urn:uuid:d0f9b10d-6b51-406c-b6f5-0208354e36af>
661,<urn:uuid:7d6e5539-f2f8-4db9-801e-fe4f685dac3d>,<urn:uuid:7d6e5539-f2f8-4db9-801e-fe4f685dac3d>,<urn:uuid:f84ff98a-4094-466f-ae3f-288f548afd8d>,<urn:uuid:23eacc15-895b-4ae6-ad2c-e679f20a7839>,<urn:uuid:2a80c0cf-84c2-43c3-87f0-b054b0a47227>
662,<urn:uuid:c8e5a2a1-d661-47f2-b530-e601046fe5a6>,<urn:uuid:c8e5a2a1-d661-47f2-b530-e601046fe5a6>,<urn:uuid:390b291e-7ad6-4a6f-886f-0918685ae95a>,<urn:uuid:da05571f-fc4e-49d4-86a4-a1e3517a0cbd>,<urn:uuid:6e2f6dc8-9bb2-4089-bc6c-b4fe9d071b2b>
663,<urn:uuid:1d57d786-74b9-4c01-9113-83c3411f7da5>,<urn:uuid:1d57d786-74b9-4c01-9113-83c3411f7da5>,<urn:uuid:eeadad06-d2cd-49d9-8ff5-e610d6275fba>,<urn:uuid:2cdefe78-2025-41b5-90ab-32349fb57aa8>,<urn:uuid:02f34621-8637-45e1-914b-c5c135461cae>
664,<urn:uuid:4caf18c6-3e61-413f-a2cf-995bd9b44508>,<urn:uuid:4caf18c6-3e61-413f-a2cf-995bd9b44508>,<urn:uuid:d3384eae-623e-44ae-af1e-7f894001ae05>,<urn:uuid:519a537d-1dbe-4730-bf8b-b82e8b14a021>,<urn:uuid:1bb23dee-86df-4ab1-9209-1be885d0b4e7>
665,<urn:uuid:1e43874b-5df4-4dd3-822d-77c9bf91ae44>,<urn:uuid:1e43874b-5df4-4dd3-822d-77c9bf91ae44>,<urn:uuid:e10afff5-4047-4486-a45f-ed583ad055de>,<urn:uuid:c3bc99b6-b892-42a1-b96c-c67a85a559b9>,<urn:uuid:9f2eefaa-f63b-4179-bfbb-110f286cfb37>
666,<urn:uuid:818232ea-fcc2-4583-aed2-867a58373f76>,<urn:uuid:818232ea-fcc2-4583-aed2-867a58373f76>,<urn:uuid:77cabf9d-0fe6-4891-a21f-60556c0428df>,<urn:uuid:011ec9a9-a91b-42b9-bdab-e59200890b1e>,<urn:uuid:6c056c27-c584-4e7f-90f3-d47f3b9fd8fd>
667,<urn:uuid:6c957b41-d297-47f2-883a-c7c838e5282d>,<urn:uuid:6c957b41-d297-47f2-883a-c7c838e5282d>,<urn:uuid:2e885e8e-d606-4c72-80eb-8a617c0db530>,<urn:uuid:11ae8d96-500a-4c2d-8e4c-55bdb9c9f0fc>,<urn:uuid:9f2eefaa-f63b-4179-bfbb-110f286cfb37>
668,<urn:uuid:a33fa373-2394-4f4a-bfe7-04fb42f14aa5>,<urn:uuid:a33fa373-2394-4f4a-bfe7-04fb42f14aa5>,<urn:uuid:1ddee2ef-6bc3-47ce-82a2-bda9d0e0b70a>,<urn:uuid:8eae24db-5db8-4a98-aa31-00afbe05e796>,<urn:uuid:1b5e4271-0369-4c27-9709-03a14714d0a7>
669,<urn:uuid:2e1e78ac-1d7f-4299-ba99-b3e8caf5f31b>,<urn:uuid:2e1e78ac-1d7f-4299-ba99-b3e8caf5f31b>,<urn:uuid:62f21893-793f-4f92-8c9b-d68ff35b66bc>,<urn:uuid:cba6fe51-2dca-4f9b-88df-6fc5b8eae2f8>,<urn:uuid:39953459-7a54-4f5b-b565-e03654c02161>
670,<urn:uuid:793cbf4e-d6ef-4fe6-8f18-0d66df961457>,<urn:uuid:793cbf4e-d6ef-4fe6-8f18-0d66df961457>,<urn:uuid:0d76d68c-abd7-4598-b723-10eaed821cff>,<urn:uuid:46913150-7e2f-46d7-98c5-3e147e7952c9>,<urn:uuid:f97b9495-35a5-44bb-a0b4-8abf12816ddc>
671,<urn:uuid:db6a1d04-32b2-4dd8-ae40-c29441ee847f>,<urn:uuid:db6a1d04-32b2-4dd8-ae40-c29441ee847f>,<urn:uuid:de772f07-a3f9-4d9e-9df6-8112ab6421ea>,<urn:uuid:722d7999-cde2-420d-8442-995c6fe58712>,<urn:uuid:0d5422f6-604c-442c-bf03-999bd6c409ce>
672,<urn:uuid:de1636d1-c6ea-40bb-942e-fda93e820595>,<urn:uuid:de1636d1-c6ea-40bb-942e-fda93e820595>,<urn:uuid:0017d27a-bc41-48c7-8d96-0a954dbc6a71>,<urn:uuid:41155354-939f-4f71-9294-fe231f77500a>,<urn:uuid:a3ecdb60-0a0c-4cd1-9071-d92e769f907e>
673,<urn:uuid:50738e92-950d-4920-901f-8e4d54583d20>,<urn:uuid:50738e92-950d-4920-901f-8e4d54583d20>,<urn:uuid:1983be25-4f13-418c-a3dd-66379d5d2d64>,<urn:uuid:d695a3b2-b31f-46da-8bc5-9ab5c5bc2314>,<urn:uuid:d65c285d-e090-49b8-8694-dc9f91b2a708>
674,<urn:uuid:8e72c49d-8958-4e04-ac69-7f83d774ced7>,<urn:uuid:2cf6c2dc-414c-4b96-84c0-e428d73f999d>,<urn:uuid:e0c77f4a-b344-4d30-9bbe-41acd115f071>,<urn:uuid:29da12d5-6f3c-4cdf-abae-50d0cdf9bade>,<urn:uuid:f58aca81-b1b2-4bd4-9e3f-bdaca9036766>
675,<urn:uuid:d1afc1ab-8aa1-4bc0-8f9e-6ae9ced51edc>,<urn:uuid:d1afc1ab-8aa1-4bc0-8f9e-6ae9ced51edc>,<urn:uuid:038b5b33-85cc-4fa2-926d-24f9b32799a8>,<urn:uuid:778e69e2-32b1-492e-abb5-2ecc8198fbbb>,<urn:uuid:6ba64c55-7fdd-4adf-936d-ed8775268036>
676,<urn:uuid:7c464f22-9010-4dff-8ce5-93edb5f29ef3>,<urn:uuid:7c464f22-9010-4dff-8ce5-93edb5f29ef3>,<urn:uuid:3706d914-1cda-4bfb-8310-1ce58a57672a>,<urn:uuid:3e3733b0-5211-40af-a6a8-f56292c81fe9>,<urn:uuid:003bae50-9c19-4b36-be6f-6e9c60def0b7>
677,<urn:uuid:1bb23dee-86df-4ab1-9209-1be885d0b4e7>,<urn:uuid:1bb23dee-86df-4ab1-9209-1be885d0b4e7>,<urn:uuid:39953459-7a54-4f5b-b565-e03654c02161>,<urn:uuid:479e870d-a27b-4c51-ac51-fc2fda8df87e>,<urn:uuid:bdfed838-dafd-46f5-b133-b0f2c4e8917f>
678,<urn:uuid:4808cb7f-9831-49b4-9a03-7e59ad314629>,<urn:uuid:8f94e7c8-1b7c-400b-9e24-8bf329f21ca4>,<urn:uuid:4808cb7f-9831-49b4-9a03-7e59ad314629>,<urn:uuid:412f36e6-0d20-4fd1-8799-ebb467da7de5>,<urn:uuid:b71548a9-7676-4547-82a9-4ea6d1a91415>
679,<urn:uuid:66f9c841-d722-4e17-8fee-c91f67f43e37>,<urn:uuid:66f9c841-d722-4e17-8fee-c91f67f43e37>,<urn:uuid:024eb9b0-d571-4edd-b2c7-c653ae7964be>,<urn:uuid:cc6d071c-302d-49b9-8214-a623b417ece9>,<urn:uuid:4c610869-8e6a-4d29-9aa8-9c27e7be1e89>
680,<urn:uuid:db5835e3-82e0-4cf7-b4ef-071dc7f9bf0b>,<urn:uuid:db5835e3-82e0-4cf7-b4ef-071dc7f9bf0b>,<urn:uuid:97df1bb4-fced-4eb5-95a6-f9579a20ee0b>,<urn:uuid:6c046db2-53ef-4ec4-9ae0-5ec126130f89>,<urn:uuid:84445423-21d0-408e-afa0-8fc0cee40d54>
681,<urn:uuid:00ed9ecd-eabe-4d41-aa88-7de5a8255beb>,<urn:uuid:00ed9ecd-eabe-4d41-aa88-7de5a8255beb>,<urn:uuid:62f21893-793f-4f92-8c9b-d68ff35b66bc>,<urn:uuid:732f1c66-24c3-45be-b2b8-adf8b387e6a1>,<urn:uuid:60ed65cf-6b2a-44be-a139-8de8a6aebc71>
682,<urn:uuid:e9626813-16d1-4f85-9663-9675ddfe33db>,<urn:uuid:e9626813-16d1-4f85-9663-9675ddfe33db>,<urn:uuid:209225d3-b9fc-4eda-ac27-ef865f7027f4>,<urn:uuid:04dcc0c6-4277-425a-8d6b-96c7b3e6cb36>,<urn:uuid:c2b889a5-3336-43c5-b957-1c3d531be5ef>
683,<urn:uuid:da05571f-fc4e-49d4-86a4-a1e3517a0cbd>,<urn:uuid:da05571f-fc4e-49d4-86a4-a1e3517a0cbd>,<urn:uuid:503e501d-cd62-4ff4-ac77-4fcf156718e6>,<urn:uuid:f936fb75-e4a1-49ae-86f0-e154554b3ab4>,<urn:uuid:a1322c15-f7dc-42ca-a928-441f7cd9ea4b>
684,<urn:uuid:7ee57d9c-4e24-47d1-89a1-5eb49b937e90>,<urn:uuid:7ee57d9c-4e24-47d1-89a1-5eb49b937e90>,<urn:uuid:dfebd457-23d9-4898-9955-fb5b3f739b90>,<urn:uuid:deafac80-9ae7-4674-9963-740f86ede8de>,<urn:uuid:f7fec4ae-7250-4284-9612-800a389ed2c6>
685,<urn:uuid:2267d955-9691-4273-93a0-39393baa9ca0>,<urn:uuid:2267d955-9691-4273-93a0-39393baa9ca0>,<urn:uuid:46913150-7e2f-46d7-98c5-3e147e7952c9>,<urn:uuid:372adb37-f52c-43aa-89cb-afa675e8b9a6>,<urn:uuid:818232ea-fcc2-4583-aed2-867a58373f76>
686,<urn:uuid:5c7fc9d2-d3d7-4fac-961e-0ab2fb8b1c13>,<urn:uuid:5c7fc9d2-d3d7-4fac-961e-0ab2fb8b1c13>,<urn:uuid:92e076f7-da76-4b86-b76c-44c756a3e2b1>,<urn:uuid:dfebd457-23d9-4898-9955-fb5b3f739b90>,<urn:uuid:2bd8f6e9-cac3-4160-9207-55eff5a4e4e9>
687,<urn:uuid:d10fdb83-6493-4eb5-8d11-ca08930e30cf>,<urn:uuid:d10fdb83-6493-4eb5-8d11-ca08930e30cf>,<urn:uuid:9de87fbb-42b0-41e0-aa91-1ddbc92879e9>,<urn:uuid:a80a6c20-a8f0-4193-bb25-0528cc7df399>,<urn:uuid:8ac53201-f2b9-4af3-8dc8-247926a3b254>
688,<urn:uuid:f8035fac-dd50-4666-8bb6-b7f224f82571>,<urn:uuid:f8035fac-dd50-4666-8bb6-b7f224f82571>,<urn:uuid:6652dada-d4cf-49b0-a0cf-9851636b3ce0>,<urn:uuid:fd8abdde-7ec5-4748-8660-c01243a82990>,<urn:uuid:65c61e1e-b8b6-4b64-a2b7-31f58202b66a>
689,<urn:uuid:af48b556-3c27-4289-97fe-99de7f8acb96>,<urn:uuid:af48b556-3c27-4289-97fe-99de7f8acb96>,<urn:uuid:527255b7-b974-422e-a710-50aed1c52a69>,<urn:uuid:931cd5e1-5993-43ce-9113-cc5630c66b66>,<urn:uuid:65fdef64-6a10-4c38-b52e-cd2b6dbcd4b3>
690,<urn:uuid:6022cea6-e7d7-4b67-ad74-9caab0fa096b>,<urn:uuid:6022cea6-e7d7-4b67-ad74-9caab0fa096b>,<urn:uuid:a512ff92-05ad-4fc5-a8a4-29eb4dcaceda>,<urn:uuid:02a9d95b-e58d-403d-974e-94e4d27dc90d>,<urn:uuid:c2d0e04f-4916-4774-84c3-5bf2068df810>
691,<urn:uuid:b76c324f-b301-48a3-a33e-7fa686f0fd0d>,<urn:uuid:b76c324f-b301-48a3-a33e-7fa686f0fd0d>,<urn:uuid:0bd7176d-f815-4f6b-b94c-ee5999735f91>,<urn:uuid:a7452c4d-b1d2-4931-a246-37793a5d36e3>,<urn:uuid:17214060-f356-4582-ac19-e5b598eaa994>
692,<urn:uuid:5d4a712e-374b-40e5-bca7-3987a58b199a>,<urn:uuid:b6061d96-efd2-4428-9201-b7988cf37b4f>,<urn:uuid:4f804747-0cb9-4228-b2a0-37cc80a0f2eb>,<urn:uuid:8393d16b-d5db-4292-9845-e2cf6b140450>,<urn:uuid:41089633-f0a0-45b5-b32f-697cffa31871>
693,<urn:uuid:0f7e368f-05fc-4bc8-8b22-b60e996e191f>,<urn:uuid:969973e2-30db-4284-ba29-214a38330397>,<urn:uuid:cd0069d0-3694-4719-b50b-89faf4eeb500>,<urn:uuid:779f5960-10e1-43b1-a5f3-3398c1905e24>,<urn:uuid:87d4bb49-a431-4a1a-95ba-078d90f1b772>
694,<urn:uuid:d62f9437-cb48-49bf-a401-865a5986d87c>,<urn:uuid:d62f9437-cb48-49bf-a401-865a5986d87c>,<urn:uuid:436c1195-78a1-4bc9-accf-def5a1130255>,<urn:uuid:54601e6a-f683-46ae-bb56-4f6d12b2d9cd>,<urn:uuid:be47c429-96bf-4593-b958-de3d101ae150>
695,<urn:uuid:833dc596-8205-40f0-9394-e259773ebda9>,<urn:uuid:833dc596-8205-40f0-9394-e259773ebda9>,<urn:uuid:da05571f-fc4e-49d4-86a4-a1e3517a0cbd>,<urn:uuid:1852b429-81d0-46c2-87e0-8391f9d80ba7>,<urn:uuid:be29e34e-7e34-4618-85a6-f7457b8345a3>
696,<urn:uuid:8a228cc1-fb76-4995-8221-e0609f2b375b>,<urn:uuid:8a228cc1-fb76-4995-8221-e0609f2b375b>,<urn:uuid:7e9f6f73-5584-4e8a-a747-dee69d10b753>,<urn:uuid:2077be6c-8d82-4caa-a627-ced47c570ddc>,<urn:uuid:f58aca81-b1b2-4bd4-9e3f-bdaca9036766>
697,<urn:uuid:5af4685f-62a2-42ed-b798-289353c938bf>,<urn:uuid:5af4685f-62a2-42ed-b798-289353c938bf>,<urn:uuid:d4f0dbad-dcbe-49cc-8627-00e960c5606a>,<urn:uuid:9f2eefaa-f63b-4179-bfbb-110f286cfb37>,<urn:uuid:9656eee8-857d-4478-8b53-f6e968246595>
698,<urn:uuid:ede4afce-981a-4e15-8e10-936ec63e2513>,<urn:uuid:ede4afce-981a-4e15-8e10-936ec63e2513>,<urn:uuid:ac3499d8-2de2-4986-be9e-3d30184bd67e>,<urn:uuid:15fe7c56-5100-46b1-be80-1344b2214c8c>,<urn:uuid:6652dada-d4cf-49b0-a0cf-9851636b3ce0>
699,<urn:uuid:f6620373-9d31-4301-ab32-31b833939850>,<urn:uuid:f6620373-9d31-4301-ab32-31b833939850>,<urn:uuid:851d75d0-e2c4-4cfd-a4ad-c90130bbc886>,<urn:uuid:1dccb5da-225d-4c3f-86c4-1b23355b6276>,<urn:uuid:c0e126ab-0850-4d07-9e8b-7b51b7216271>
700,<urn:uuid:90fb6974-d958-4e94-bf6d-73b704250443>,<urn:uuid:90fb6974-d958-4e94-bf6d-73b704250443>,<urn:uuid:8b3c861d-eb4d-4d2a-8837-9a4c9396cd7c>,<urn:uuid:84b66df7-30b2-429a-9e4a-cbe4ca3563c2>,<urn:uuid:001dc035-9f76-448f-a37d-b61d9d68ff4d>
701,<urn:uuid:4d088526-22ef-47be-bf28-34ebf8a063f3>,<urn:uuid:4d088526-22ef-47be-bf28-34ebf8a063f3>,<urn:uuid:47d6da57-3915-4a63-a3ef-8504ca9aeba2>,<urn:uuid:d62f9437-cb48-49bf-a401-865a5986d87c>,<urn:uuid:5ad556f6-4499-4ceb-8d7f-c95f04b906f7>
702,<urn:uuid:bccf47a7-4f0b-4e1d-9533-a7c94dd56fe2>,<urn:uuid:bccf47a7-4f0b-4e1d-9533-a7c94dd56fe2>,<urn:uuid:cd307a3e-07ed-4d41-a8c1-d8a864e6a6c0>,<urn:uuid:e85958e0-ba94-48be-ae4a-8824014ec144>,<urn:uuid:1983be25-4f13-418c-a3dd-66379d5d2d64>
703,<urn:uuid:aa2f979e-a8d6-4d86-994f-08d4152adabd>,<urn:uuid:aa2f979e-a8d6-4d86-994f-08d4152adabd>,<urn:uuid:2cdefe78-2025-41b5-90ab-32349fb57aa8>,<urn:uuid:479e870d-a27b-4c51-ac51-fc2fda8df87e>,<urn:uuid:96f10758-bcf8-4f31-a1cd-0276539a3bf2>
704,<urn:uuid:6d5110ad-d661-41e6-9efe-4891031cbb37>,<urn:uuid:6d5110ad-d661-41e6-9efe-4891031cbb37>,<urn:uuid:9c8e954a-a9af-40b3-abc4-b8d149a16d39>,<urn:uuid:34850146-ec74-43a7-aec6-38fb14b423bd>,<urn:uuid:024eb9b0-d571-4edd-b2c7-c653ae7964be>
705,<urn:uuid:434297fb-cbe0-43e0-be23-290eaf10f927>,<urn:uuid:434297fb-cbe0-43e0-be23-290eaf10f927>,<urn:uuid:568cfb5b-4d16-4199-a6b2-35a0e1c661b6>,<urn:uuid:dec2d6a0-4493-4f2e-80b3-32d41daf74b0>,<urn:uuid:5ef0d5a3-cd43-4ead-a9a3-509490cebcdf>
706,<urn:uuid:9fd458c9-06d9-43cb-9638-5f33773cfcf0>,<urn:uuid:9fd458c9-06d9-43cb-9638-5f33773cfcf0>,<urn:uuid:bc779185-6df4-4707-8879-8d09f5458744>,<urn:uuid:7e7a0732-91b5-4589-9074-962387a5ce5f>,<urn:uuid:66f9c841-d722-4e17-8fee-c91f67f43e37>
707,<urn:uuid:c3bc99b6-b892-42a1-b96c-c67a85a559b9>,<urn:uuid:1b1c1d93-2d9e-4e35-99b3-2ca8acdb79a7>,<urn:uuid:dfebd457-23d9-4898-9955-fb5b3f739b90>,<urn:uuid:d30f3627-6718-435e-b959-cd2bdedc62ac>,<urn:uuid:2af8fb09-b8cd-4c55-9632-ef7888f2774b>
708,<urn:uuid:e00ecb6e-e88a-450b-a302-0b116114dd7e>,<urn:uuid:e00ecb6e-e88a-450b-a302-0b116114dd7e>,<urn:uuid:1bed59e1-fa1d-487f-ba20-f15f702b29c7>,<urn:uuid:73465f65-8039-4efa-b174-5fe43937bba6>,<urn:uuid:f51b7649-f487-4fe1-9fd4-957f28f8bc2b>
709,<urn:uuid:4f6fe531-70e8-4b57-988d-352e0bf4f767>,<urn:uuid:4f6fe531-70e8-4b57-988d-352e0bf4f767>,<urn:uuid:9e141a4f-572f-4b03-9c21-048cc99dbf26>,<urn:uuid:65763aaa-b441-4bc2-a234-ea1425e7eed4>,<urn:uuid:47b699f7-0565-4c88-acd7-705f49af67f6>
710,<urn:uuid:2a9113ed-7299-41bb-befa-dc548c5ea96a>,<urn:uuid:2a9113ed-7299-41bb-befa-dc548c5ea96a>,<urn:uuid:a3ecdb60-0a0c-4cd1-9071-d92e769f907e>,<urn:uuid:ef6b774d-0e0a-492b-8951-10673d458b23>,<urn:uuid:075321c8-9f61-416a-bc27-a43b920544a5>
711,<urn:uuid:69e62ade-c4c7-49da-a276-f3980cfb0ef8>,<urn:uuid:69e62ade-c4c7-49da-a276-f3980cfb0ef8>,<urn:uuid:588a5c34-4265-47e9-acce-20ed97b10ab8>,<urn:uuid:88f1ab84-ac6b-4f43-8bea-62f9d9884465>,<urn:uuid:ab8d1454-cf7d-408e-8662-043460d7e503>
712,<urn:uuid:ef6b774d-0e0a-492b-8951-10673d458b23>,<urn:uuid:ef6b774d-0e0a-492b-8951-10673d458b23>,<urn:uuid:931cd5e1-5993-43ce-9113-cc5630c66b66>,<urn:uuid:65fdef64-6a10-4c38-b52e-cd2b6dbcd4b3>,<urn:uuid:a232f48a-b2f9-4f26-b889-bcf46b78947d>
713,<urn:uuid:4648fddd-4625-47a8-a524-31a8edbe9244>,<urn:uuid:1bb23dee-86df-4ab1-9209-1be885d0b4e7>,<urn:uuid:8eee0d9a-04da-4e32-90dd-2d6aa322b1ad>,<urn:uuid:f58aca81-b1b2-4bd4-9e3f-bdaca9036766>,<urn:uuid:9486e766-d44c-4c84-bc22-06ff857cac92>
714,<urn:uuid:82d5dddc-4949-448a-87f0-7cc561e6a5c5>,<urn:uuid:deafac80-9ae7-4674-9963-740f86ede8de>,<urn:uuid:82d5dddc-4949-448a-87f0-7cc561e6a5c5>,<urn:uuid:05009f2a-187f-47c7-a251-fc94ef377ef7>,<urn:uuid:b10a841e-7606-4151-81c5-23c371a34c87>
715,<urn:uuid:4f5925e1-6466-4140-9ef4-b2d40492bae1>,<urn:uuid:1b1c1d93-2d9e-4e35-99b3-2ca8acdb79a7>,<urn:uuid:a1322c15-f7dc-42ca-a928-441f7cd9ea4b>,<urn:uuid:0343641e-2036-4d98-845e-3f6bda99e5c7>,<urn:uuid:a3ecdb60-0a0c-4cd1-9071-d92e769f907e>
716,<urn:uuid:fd7760fc-fac9-4f93-870b-5b585e8ef6c2>,<urn:uuid:fd7760fc-fac9-4f93-870b-5b585e8ef6c2>,<urn:uuid:909a8671-9a0a-40bf-b402-2aca7642b0d9>,<urn:uuid:86d85d35-40da-42f4-8b52-c1ab12da0c66>,<urn:uuid:e00ecb6e-e88a-450b-a302-0b116114dd7e>
717,<urn:uuid:a80a6c20-a8f0-4193-bb25-0528cc7df399>,<urn:uuid:a80a6c20-a8f0-4193-bb25-0528cc7df399>,<urn:uuid:09d89a09-13be-4a27-ba16-17978b424f64>,<urn:uuid:0dd6b3b9-adb7-4e60-b5a5-315da13a02e0>,<urn:uuid:b71548a9-7676-4547-82a9-4ea6d1a91415>
718,<urn:uuid:c5df55fd-1606-49bc-9bb2-892378170bb1>,<urn:uuid:c5df55fd-1606-49bc-9bb2-892378170bb1>,<urn:uuid:81866bac-f55d-4dfa-a531-ba97ef6102dc>,<urn:uuid:c63b32e5-2acc-46cb-b2c7-787bec9c2b3f>,<urn:uuid:f52cea09-4167-4b98-b727-6db8da49bcaa>
719,<urn:uuid:fd8abdde-7ec5-4748-8660-c01243a82990>,<urn:uuid:fd8abdde-7ec5-4748-8660-c01243a82990>,<urn:uuid:41089633-f0a0-45b5-b32f-697cffa31871>,<urn:uuid:75bb5acf-b850-4b95-9aa1-d98a1f2786e8>,<urn:uuid:790b23e1-bb06-4c74-a461-14a13bac7022>
720,<urn:uuid:9237fdff-408a-4603-a4d1-c8189a6506c7>,<urn:uuid:969973e2-30db-4284-ba29-214a38330397>,<urn:uuid:deafac80-9ae7-4674-9963-740f86ede8de>,<urn:uuid:9237fdff-408a-4603-a4d1-c8189a6506c7>,<urn:uuid:d83ded9e-cab9-4739-a47c-083ede2f7423>
721,<urn:uuid:17214060-f356-4582-ac19-e5b598eaa994>,<urn:uuid:09d7a279-5458-402a-8d31-18cb08bea5d3>,<urn:uuid:34850146-ec74-43a7-aec6-38fb14b423bd>,<urn:uuid:024eb9b0-d571-4edd-b2c7-c653ae7964be>,<urn:uuid:f56d1d81-a2d7-4352-8f5e-9ceaecd700df>
722,<urn:uuid:5fc2b0c5-d696-4e49-b91b-c6fc9c9a7f04>,<urn:uuid:5fc2b0c5-d696-4e49-b91b-c6fc9c9a7f04>,<urn:uuid:927a420a-f74c-4c15-b9bb-083cab3a08e3>,<urn:uuid:2cf6c2dc-414c-4b96-84c0-e428d73f999d>,<urn:uuid:a512ff92-05ad-4fc5-a8a4-29eb4dcaceda>
723,<urn:uuid:21ad2b1a-fa50-43fa-9097-66b7f91f7dff>,<urn:uuid:21ad2b1a-fa50-43fa-9097-66b7f91f7dff>,<urn:uuid:53d507c3-f7c2-4157-a9a0-9b07fc104709>,<urn:uuid:9e83252d-da78-4cc4-869f-b21630166fe1>,<urn:uuid:6ebae4be-0735-4981-9f7d-c05c82961eb1>
724,<urn:uuid:c2d0e04f-4916-4774-84c3-5bf2068df810>,<urn:uuid:c2d0e04f-4916-4774-84c3-5bf2068df810>,<urn:uuid:c4f109a8-7566-4edf-8498-83a07ac9edf2>,<urn:uuid:cfe2341d-5ce1-46ed-9c42-2b2c925e9b6c>,<urn:uuid:a512ff92-05ad-4fc5-a8a4-29eb4dcaceda>
725,<urn:uuid:87f961ab-c325-4054-9760-16d9b2388bb2>,<urn:uuid:87f961ab-c325-4054-9760-16d9b2388bb2>,<urn:uuid:fd2e0d5e-0de8-4a26-92ca-f6709a3f1d7f>,<urn:uuid:a7452c4d-b1d2-4931-a246-37793a5d36e3>,<urn:uuid:65763aaa-b441-4bc2-a234-ea1425e7eed4>
726,<urn:uuid:fe9aae1d-c19a-4806-91a0-65191e40b472>,<urn:uuid:fe9aae1d-c19a-4806-91a0-65191e40b472>,<urn:uuid:20a5e617-a001-43a4-a434-53dcafae6468>,<urn:uuid:2e1e78ac-1d7f-4299-ba99-b3e8caf5f31b>,<urn:uuid:0c7e77df-0623-48d7-a656-fdc76940c01e>
727,<urn:uuid:ee1c9d5a-aee9-4930-9efb-4cc3315995af>,<urn:uuid:ee1c9d5a-aee9-4930-9efb-4cc3315995af>,<urn:uuid:f8a8c857-888a-4fc1-8015-b3af16a45ebd>,<urn:uuid:19f3b8e3-ae2d-400c-9f2e-99c1edf2876a>,<urn:uuid:82543037-818c-4120-b4e9-122ca613d932>
728,<urn:uuid:3f2894a3-3bbd-46d7-81f9-5755651ccbd5>,<urn:uuid:3f2894a3-3bbd-46d7-81f9-5755651ccbd5>,<urn:uuid:48c2ebf8-82b3-4527-8b31-8e887e39a015>,<urn:uuid:47d6da57-3915-4a63-a3ef-8504ca9aeba2>,<urn:uuid:f6576e20-6b89-4a87-b4c8-3f0bb24e2d09>
729,<urn:uuid:5bcb0076-10dc-49b7-8d16-194e7e39315a>,<urn:uuid:064777e4-515b-4f43-80f9-ad16537b1ff4>,<urn:uuid:53d507c3-f7c2-4157-a9a0-9b07fc104709>,<urn:uuid:4f804747-0cb9-4228-b2a0-37cc80a0f2eb>,<urn:uuid:3e1e1b93-b8f0-4619-9484-d26d10d3db3e>
730,<urn:uuid:78cba486-301a-4a4e-8308-5adaa67517a6>,<urn:uuid:78cba486-301a-4a4e-8308-5adaa67517a6>,<urn:uuid:e486730a-0ae9-4168-bcff-c23956dbb484>,<urn:uuid:652f0b80-455a-4e80-9d64-d4af594ba73c>,<urn:uuid:2cdc65bd-3a17-4292-a574-11aadb5ce593>
731,<urn:uuid:d97798ee-ecd3-4250-8f36-54e607f55b3c>,<urn:uuid:d97798ee-ecd3-4250-8f36-54e607f55b3c>,<urn:uuid:deafac80-9ae7-4674-9963-740f86ede8de>,<urn:uuid:a102ba3e-e41f-4b60-bc6e-838aa3601ab9>,<urn:uuid:4c791b02-8a34-4242-8c01-580391e19ffd>
732,<urn:uuid:5e6a6d28-6408-45ba-96d9-d96b1f6d0f4b>,<urn:uuid:5e6a6d28-6408-45ba-96d9-d96b1f6d0f4b>,<urn:uuid:85f9f8e3-e908-424a-b026-72138b9bd9a3>,<urn:uuid:3858a57d-1fdd-4d57-8a84-fc51d0fb40b1>,<urn:uuid:deafac80-9ae7-4674-9963-740f86ede8de>
733,<urn:uuid:65b8829e-bba2-4b3b-8773-a85a7704dab8>,<urn:uuid:65b8829e-bba2-4b3b-8773-a85a7704dab8>,<urn:uuid:88bf712a-392b-4d16-a61a-c2a43fd2f174>,<urn:uuid:7ee57d9c-4e24-47d1-89a1-5eb49b937e90>,<urn:uuid:0ce7f1ee-648b-47d6-9867-5e48046bcf06>
734,<urn:uuid:c1a40189-4594-4ee4-b953-55bce6623fae>,<urn:uuid:c1a40189-4594-4ee4-b953-55bce6623fae>,<urn:uuid:92e076f7-da76-4b86-b76c-44c756a3e2b1>,<urn:uuid:9300ee37-4872-450a-8186-2775a8491b88>,<urn:uuid:de7d2729-c24e-416f-a536-4203a5362f25>
735,<urn:uuid:54fcf1f7-883c-4a1a-86c9-72c2f3166e58>,<urn:uuid:54fcf1f7-883c-4a1a-86c9-72c2f3166e58>,<urn:uuid:9aae735f-608d-4654-b7db-2c101e5ea09b>,<urn:uuid:5804d22e-bd40-448d-8384-fe6983447145>,<urn:uuid:cbf7e173-bd47-4200-a24f-870a329a8fe0>
736,<urn:uuid:8ac53201-f2b9-4af3-8dc8-247926a3b254>,<urn:uuid:60fb7104-40c1-4dee-ace6-bc68f27db5b5>,<urn:uuid:01d872aa-770d-44b6-941e-aae47838f84c>,<urn:uuid:d10fdb83-6493-4eb5-8d11-ca08930e30cf>,<urn:uuid:2d487b9f-f990-4a40-90b8-938470a2f0e6>
737,<urn:uuid:d09114fa-91f2-4f58-994a-03232ffd1739>,<urn:uuid:d09114fa-91f2-4f58-994a-03232ffd1739>,<urn:uuid:cd307a3e-07ed-4d41-a8c1-d8a864e6a6c0>,<urn:uuid:7e9f6f73-5584-4e8a-a747-dee69d10b753>,<urn:uuid:bccf47a7-4f0b-4e1d-9533-a7c94dd56fe2>
738,<urn:uuid:075321c8-9f61-416a-bc27-a43b920544a5>,<urn:uuid:075321c8-9f61-416a-bc27-a43b920544a5>,<urn:uuid:df9b09a3-f4b1-4c1a-adae-52933639c259>,<urn:uuid:e9626813-16d1-4f85-9663-9675ddfe33db>,<urn:uuid:a7452c4d-b1d2-4931-a246-37793a5d36e3>
739,<urn:uuid:53d507c3-f7c2-4157-a9a0-9b07fc104709>,<urn:uuid:53d507c3-f7c2-4157-a9a0-9b07fc104709>,<urn:uuid:df8294c1-2be3-414a-8729-70a17c6dda9c>,<urn:uuid:57759fe5-39a3-4eb9-b16c-f00b3779c8b3>,<urn:uuid:6dacc463-957a-466f-bfa9-3c4d7069b5ed>
740,<urn:uuid:99eb351f-d2b3-45ed-9ec7-cf061b12ebed>,<urn:uuid:99eb351f-d2b3-45ed-9ec7-cf061b12ebed>,<urn:uuid:c8fb2b6b-5911-498d-afac-9532e2751d1e>,<urn:uuid:0cee5102-6622-4d3b-a733-874c54a23ef3>,<urn:uuid:d65817c3-ff16-4dfb-b21e-e85acda64933>
741,<urn:uuid:74574a74-1f1a-4058-8b2d-1dcf13cf48f7>,<urn:uuid:74574a74-1f1a-4058-8b2d-1dcf13cf48f7>,<urn:uuid:8b3c861d-eb4d-4d2a-8837-9a4c9396cd7c>,<urn:uuid:30769f01-c02d-4790-8126-db9a8a50f74e>,<urn:uuid:a9f3eae4-c234-4770-974c-09d669138f32>
742,<urn:uuid:2077be6c-8d82-4caa-a627-ced47c570ddc>,<urn:uuid:2077be6c-8d82-4caa-a627-ced47c570ddc>,<urn:uuid:2648bc0a-aff0-4178-97e4-8cc039c78206>,<urn:uuid:652f0b80-455a-4e80-9d64-d4af594ba73c>,<urn:uuid:bdfed838-dafd-46f5-b133-b0f2c4e8917f>
743,<urn:uuid:f949f551-e27c-44db-9b21-0ef24e3392e0>,<urn:uuid:f949f551-e27c-44db-9b21-0ef24e3392e0>,<urn:uuid:cd307a3e-07ed-4d41-a8c1-d8a864e6a6c0>,<urn:uuid:86e1741a-9492-4fe5-ba75-42cc9db4c376>,<urn:uuid:2cdefe78-2025-41b5-90ab-32349fb57aa8>
744,<urn:uuid:96e63599-0cdf-4bd5-88e5-47dc02b7a948>,<urn:uuid:f8a8c857-888a-4fc1-8015-b3af16a45ebd>,<urn:uuid:aed201ed-9f0e-4586-a458-5c540490c481>,<urn:uuid:806eb77f-bb77-4e96-a56d-d1fd91fd2f82>,<urn:uuid:96e63599-0cdf-4bd5-88e5-47dc02b7a948>
745,<urn:uuid:3025e981-15dc-4a5f-8234-89f5575cb93f>,<urn:uuid:3025e981-15dc-4a5f-8234-89f5575cb93f>,<urn:uuid:60ed65cf-6b2a-44be-a139-8de8a6aebc71>,<urn:uuid:2cdefe78-2025-41b5-90ab-32349fb57aa8>,<urn:uuid:cd307a3e-07ed-4d41-a8c1-d8a864e6a6c0>
746,<urn:uuid:fa084c3e-b92a-494e-9ef1-a6f988f1d45c>,<urn:uuid:fa084c3e-b92a-494e-9ef1-a6f988f1d45c>,<urn:uuid:fe9aae1d-c19a-4806-91a0-65191e40b472>,<urn:uuid:1c0b6040-6699-46f3-b6a6-057082029af3>,<urn:uuid:8ef8f7c1-8b40-434a-bdc1-b993ec5bdd41>
747,<urn:uuid:543717dc-9031-44ce-a5f5-1aa3b0d7b11c>,<urn:uuid:543717dc-9031-44ce-a5f5-1aa3b0d7b11c>,<urn:uuid:1d57d786-74b9-4c01-9113-83c3411f7da5>,<urn:uuid:afa814c7-314d-4c61-9f26-1913a9080ae7>,<urn:uuid:c1a40189-4594-4ee4-b953-55bce6623fae>
748,<urn:uuid:763efd5f-3310-425c-b651-986cd557c61d>,<urn:uuid:05009f2a-187f-47c7-a251-fc94ef377ef7>,<urn:uuid:763efd5f-3310-425c-b651-986cd557c61d>,<urn:uuid:6d8f9419-f61e-4f91-9d84-602c52b6245c>,<urn:uuid:4fed4e00-ba4c-493d-9baf-9e9ac9df2b02>
749,<urn:uuid:97f40d93-bec6-470d-baf9-7b1ac5b364ff>,<urn:uuid:97f40d93-bec6-470d-baf9-7b1ac5b364ff>,<urn:uuid:af9d46db-12a9-41d8-9687-1b4232404418>,<urn:uuid:92e076f7-da76-4b86-b76c-44c756a3e2b1>,<urn:uuid:ad118918-053b-4363-8ffd-5b04c8115ffd>
750,<urn:uuid:931bb9ce-5c20-4476-9993-cfb34d4958b8>,<urn:uuid:931bb9ce-5c20-4476-9993-cfb34d4958b8>,<urn:uuid:deafac80-9ae7-4674-9963-740f86ede8de>,<urn:uuid:7ee57d9c-4e24-47d1-89a1-5eb49b937e90>,<urn:uuid:afa814c7-314d-4c61-9f26-1913a9080ae7>
751,<urn:uuid:2fe1db22-45ad-492d-a464-b0b78ce38f7d>,<urn:uuid:2fe1db22-45ad-492d-a464-b0b78ce38f7d>,<urn:uuid:fd8abdde-7ec5-4748-8660-c01243a82990>,<urn:uuid:969973e2-30db-4284-ba29-214a38330397>,<urn:uuid:2e1e78ac-1d7f-4299-ba99-b3e8caf5f31b>
752,<urn:uuid:15dfc4b2-5a9b-4615-a25f-987b263355f1>,<urn:uuid:15dfc4b2-5a9b-4615-a25f-987b263355f1>,<urn:uuid:24d618fd-999a-4b26-b75f-d83efa7c5998>,<urn:uuid:95479dfb-3efd-4235-9bb8-4bfb98caab4f>,<urn:uuid:17214060-f356-4582-ac19-e5b598eaa994>
753,<urn:uuid:412f36e6-0d20-4fd1-8799-ebb467da7de5>,<urn:uuid:412f36e6-0d20-4fd1-8799-ebb467da7de5>,<urn:uuid:1889294b-ab42-4baa-ae90-c73ffc1a393f>,<urn:uuid:a0d8f62f-1a0f-4f44-889d-6c20897750f1>,<urn:uuid:87abeb51-e6a6-4489-bf5f-67c57c678fa9>
754,<urn:uuid:f936fb75-e4a1-49ae-86f0-e154554b3ab4>,<urn:uuid:f936fb75-e4a1-49ae-86f0-e154554b3ab4>,<urn:uuid:7e7a0732-91b5-4589-9074-962387a5ce5f>,<urn:uuid:99eb351f-d2b3-45ed-9ec7-cf061b12ebed>,<urn:uuid:bdfed838-dafd-46f5-b133-b0f2c4e8917f>
755,<urn:uuid:db3f649b-0f33-4b6b-9621-4333e4d26873>,<urn:uuid:db3f649b-0f33-4b6b-9621-4333e4d26873>,<urn:uuid:d1afc577-44f3-449d-bf98-f6f23ed0f181>,<urn:uuid:ec44cd3d-348e-4187-b037-9ebc01c9653a>,<urn:uuid:2d487b9f-f990-4a40-90b8-938470a2f0e6>
756,<urn:uuid:6d4b24c5-93d9-4db9-9787-d4eaf6d93783>,<urn:uuid:a1dad031-0ca1-42d6-8d15-49e37a103946>,<urn:uuid:73f8c06e-56ce-4ff2-bbc8-2f64b05879e7>,<urn:uuid:508996e1-eaef-4bb4-b6d2-272ca669de90>,<urn:uuid:41089633-f0a0-45b5-b32f-697cffa31871>
757,<urn:uuid:e486730a-0ae9-4168-bcff-c23956dbb484>,<urn:uuid:e466084d-fd3a-4420-848b-df91bd12505a>,<urn:uuid:0b6258c3-fa05-483f-af91-cf208f0c07e3>,<urn:uuid:1613e116-a6d3-493f-b75a-c5360debe2f1>,<urn:uuid:0560027a-6b45-460d-a1c1-7d2f3e62ef67>
758,<urn:uuid:04f05882-a2e6-47dd-a405-11599870ff8d>,<urn:uuid:04f05882-a2e6-47dd-a405-11599870ff8d>,<urn:uuid:038b5b33-85cc-4fa2-926d-24f9b32799a8>,<urn:uuid:9be4171c-097e-4e3a-8e8e-2130f4c8f040>,<urn:uuid:df8294c1-2be3-414a-8729-70a17c6dda9c>
759,<urn:uuid:9300ee37-4872-450a-8186-2775a8491b88>,<urn:uuid:9300ee37-4872-450a-8186-2775a8491b88>,<urn:uuid:0af2f69b-7861-455b-9fc9-6a25d394b1f1>,<urn:uuid:177f1eef-c442-49d7-8a27-d3662e4479ae>,<urn:uuid:818232ea-fcc2-4583-aed2-867a58373f76>
760,<urn:uuid:ec77048a-b360-45e3-b68a-c48e8248d883>,<urn:uuid:ec77048a-b360-45e3-b68a-c48e8248d883>,<urn:uuid:bc779185-6df4-4707-8879-8d09f5458744>,<urn:uuid:64977a97-5fb4-493d-bf24-7b699f597e52>,<urn:uuid:379e6bd1-da35-4559-acb8-e0ac028c29f7>
761,<urn:uuid:6ebe69ab-fd3f-48d6-88f5-6c90df2e8803>,<urn:uuid:6ebe69ab-fd3f-48d6-88f5-6c90df2e8803>,<urn:uuid:05f17a32-8403-4dda-bab5-9620ed60629c>,<urn:uuid:bc7f40c7-9498-47df-9f0b-cb8c1ce6227f>,<urn:uuid:412f36e6-0d20-4fd1-8799-ebb467da7de5>
762,<urn:uuid:f382bdbd-cb9e-48ff-a7e3-8e6431d7a8c5>,<urn:uuid:f382bdbd-cb9e-48ff-a7e3-8e6431d7a8c5>,<urn:uuid:46964b3c-df50-4a66-8fd5-bee01e5f96f9>,<urn:uuid:a3a875e2-30e0-4f04-ae40-5f7510a79f2f>,<urn:uuid:4c791b02-8a34-4242-8c01-580391e19ffd>
763,<urn:uuid:f81b789f-5679-453c-87de-3cd454204838>,<urn:uuid:f81b789f-5679-453c-87de-3cd454204838>,<urn:uuid:e9394dbb-7d3d-46f9-a162-300a180cb89a>,<urn:uuid:9f2eefaa-f63b-4179-bfbb-110f286cfb37>,<urn:uuid:1dccb5da-225d-4c3f-86c4-1b23355b6276>
764,<urn:uuid:2f98d6d2-bdd5-46a7-9ca6-48d4aa618056>,<urn:uuid:2f98d6d2-bdd5-46a7-9ca6-48d4aa618056>,<urn:uuid:479e870d-a27b-4c51-ac51-fc2fda8df87e>,<urn:uuid:84445423-21d0-408e-afa0-8fc0cee40d54>,<urn:uuid:7ee57d9c-4e24-47d1-89a1-5eb49b937e90>
765,<urn:uuid:02a9d95b-e58d-403d-974e-94e4d27dc90d>,<urn:uuid:02a9d95b-e58d-403d-974e-94e4d27dc90d>,<urn:uuid:dc06e985-5612-4bf6-a415-bcb0e292eb12>,<urn:uuid:21dc8de4-8173-44a3-895f-e91cdb9cba4a>,<urn:uuid:c018e401-6482-410f-93fe-0c78daa60994>
766,<urn:uuid:2bf1c55e-99f5-4089-a838-9284e0715c11>,<urn:uuid:2bf1c55e-99f5-4089-a838-9284e0715c11>,<urn:uuid:075321c8-9f61-416a-bc27-a43b920544a5>,<urn:uuid:c8b3fc13-2f69-4759-b786-46e1840bd8e4>,<urn:uuid:c8652b24-23e6-4bcc-8544-0eed908ba8ab>
767,<urn:uuid:1852b429-81d0-46c2-87e0-8391f9d80ba7>,<urn:uuid:1852b429-81d0-46c2-87e0-8391f9d80ba7>,<urn:uuid:d7108aa2-2faa-413b-9e3e-a73605dfe5b0>,<urn:uuid:42ae24ce-dc04-4b1e-b0a8-ff18c900fae1>,<urn:uuid:86e1741a-9492-4fe5-ba75-42cc9db4c376>
768,<urn:uuid:fd69943a-06ea-4a8b-84ed-ba20e6ad1c8a>,<urn:uuid:a93a6f5f-998f-4072-a78f-e90c4bfd9ec7>,<urn:uuid:fd69943a-06ea-4a8b-84ed-ba20e6ad1c8a>,<urn:uuid:8b77d61e-d882-4731-be9f-1a06eb06f418>,<urn:uuid:7d089cac-7955-4a34-910e-ac56d9bf1791>
769,<urn:uuid:9df1645e-07d4-4c28-b0cc-efe173fb9ff1>,<urn:uuid:54fcf1f7-883c-4a1a-86c9-72c2f3166e58>,<urn:uuid:8e72c49d-8958-4e04-ac69-7f83d774ced7>,<urn:uuid:5deb865f-b901-4c16-a213-6522d156797a>,<urn:uuid:06e56b57-27ed-41e8-b1b7-c86f05b7278d>
770,<urn:uuid:8cabc739-c6ab-4168-b1da-2c963318cbe8>,<urn:uuid:cfe2341d-5ce1-46ed-9c42-2b2c925e9b6c>,<urn:uuid:8cabc739-c6ab-4168-b1da-2c963318cbe8>,<urn:uuid:c8652b24-23e6-4bcc-8544-0eed908ba8ab>,<urn:uuid:c5df55fd-1606-49bc-9bb2-892378170bb1>
771,<urn:uuid:4b5600bd-fd6c-47c1-ba1b-1ce278654220>,<urn:uuid:4b5600bd-fd6c-47c1-ba1b-1ce278654220>,<urn:uuid:8f94e7c8-1b7c-400b-9e24-8bf329f21ca4>,<urn:uuid:deafac80-9ae7-4674-9963-740f86ede8de>,<urn:uuid:342cda8b-967b-4ed1-ada8-83a50513989b>
772,<urn:uuid:a9167432-213c-4098-bb28-2ec55b9417c1>,<urn:uuid:a9167432-213c-4098-bb28-2ec55b9417c1>,<urn:uuid:ec857598-081d-4480-a9ef-3e1a041e672c>,<urn:uuid:a699ee2a-eecf-4955-a649-5456f176b630>,<urn:uuid:d97798ee-ecd3-4250-8f36-54e607f55b3c>
773,<urn:uuid:6f4f2c0f-40b8-4d94-9a19-1e157d674f06>,<urn:uuid:6f4f2c0f-40b8-4d94-9a19-1e157d674f06>,<urn:uuid:1dccb5da-225d-4c3f-86c4-1b23355b6276>,<urn:uuid:eb349f39-b20a-48ba-b501-982b34724dad>,<urn:uuid:ce853999-3a89-4fa7-aa06-a282849f3836>
774,<urn:uuid:0bd7176d-f815-4f6b-b94c-ee5999735f91>,<urn:uuid:0bd7176d-f815-4f6b-b94c-ee5999735f91>,<urn:uuid:92e076f7-da76-4b86-b76c-44c756a3e2b1>,<urn:uuid:09d7a279-5458-402a-8d31-18cb08bea5d3>,<urn:uuid:f84ff98a-4094-466f-ae3f-288f548afd8d>
775,<urn:uuid:064777e4-515b-4f43-80f9-ad16537b1ff4>,<urn:uuid:064777e4-515b-4f43-80f9-ad16537b1ff4>,<urn:uuid:765dc1e6-e803-429e-b5ea-56b2eebb4010>,<urn:uuid:419415f1-4c2b-44f7-8260-f71edfef2bf0>,<urn:uuid:ad6f1737-d53c-4a11-8a2d-7fee2f70adb9>
776,<urn:uuid:d30f3627-6718-435e-b959-cd2bdedc62ac>,<urn:uuid:d30f3627-6718-435e-b959-cd2bdedc62ac>,<urn:uuid:342cda8b-967b-4ed1-ada8-83a50513989b>,<urn:uuid:2af8fb09-b8cd-4c55-9632-ef7888f2774b>,<urn:uuid:9aca21e9-6a1e-4050-8cbe-9a5a542fee06>
777,<urn:uuid:9ea3aeec-019b-442f-8939-42984218280d>,<urn:uuid:9ea3aeec-019b-442f-8939-42984218280d>,<urn:uuid:342cda8b-967b-4ed1-ada8-83a50513989b>,<urn:uuid:3b843133-5a66-4a2b-996b-1798f3aa04fb>,<urn:uuid:da05571f-fc4e-49d4-86a4-a1e3517a0cbd>
778,<urn:uuid:5461107b-b582-4881-a921-2bb44d06c006>,<urn:uuid:5461107b-b582-4881-a921-2bb44d06c006>,<urn:uuid:46964b3c-df50-4a66-8fd5-bee01e5f96f9>,<urn:uuid:e5dcee7c-d28f-4e70-ae79-eea834ad2a59>,<urn:uuid:44350e1a-37d7-43a7-9e98-1cb587039c8c>
779,<urn:uuid:806eb77f-bb77-4e96-a56d-d1fd91fd2f82>,<urn:uuid:806eb77f-bb77-4e96-a56d-d1fd91fd2f82>,<urn:uuid:f7296b61-b59f-45ca-b0ce-70e136421f53>,<urn:uuid:a699ee2a-eecf-4955-a649-5456f176b630>,<urn:uuid:ff62a317-723e-443c-b8c8-6f7364101670>
780,<urn:uuid:aed201ed-9f0e-4586-a458-5c540490c481>,<urn:uuid:aed201ed-9f0e-4586-a458-5c540490c481>,<urn:uuid:b4237fc5-03a0-4103-9675-05833c9da69b>,<urn:uuid:f8a8c857-888a-4fc1-8015-b3af16a45ebd>,<urn:uuid:fd8abdde-7ec5-4748-8660-c01243a82990>
781,<urn:uuid:5b08c4aa-f6d6-46ec-90e6-6be03925a7e6>,<urn:uuid:5b08c4aa-f6d6-46ec-90e6-6be03925a7e6>,<urn:uuid:6f20a64f-0b01-458c-b2c2-bcd87e04d52f>,<urn:uuid:3858a57d-1fdd-4d57-8a84-fc51d0fb40b1>,<urn:uuid:7e57df69-7117-48e4-8324-74ebce96fc54>
782,<urn:uuid:479e870d-a27b-4c51-ac51-fc2fda8df87e>,<urn:uuid:479e870d-a27b-4c51-ac51-fc2fda8df87e>,<urn:uuid:ae4a69a3-9c5d-43e4-bb67-94cc9d5d9975>,<urn:uuid:f972f07b-b101-435f-a4aa-25915ec3497b>,<urn:uuid:618b59ca-9661-450d-987b-a6980370c8f6>
783,<urn:uuid:888a5abb-1666-4b4d-8a06-c34566661a96>,<urn:uuid:8f94e7c8-1b7c-400b-9e24-8bf329f21ca4>,<urn:uuid:4808cb7f-9831-49b4-9a03-7e59ad314629>,<urn:uuid:cbbf1cd7-ea60-40cb-8ba7-59a519ee088b>,<urn:uuid:2e1e78ac-1d7f-4299-ba99-b3e8caf5f31b>
784,<urn:uuid:527255b7-b974-422e-a710-50aed1c52a69>,<urn:uuid:527255b7-b974-422e-a710-50aed1c52a69>,<urn:uuid:8c5a13a6-de84-43df-8952-e39e5e94f650>,<urn:uuid:a50dae77-dd33-4f9e-8c1c-2af030a5a1e8>,<urn:uuid:66f9c841-d722-4e17-8fee-c91f67f43e37>
785,<urn:uuid:10817716-9b2d-49f1-a38e-ec10ba80180f>,<urn:uuid:10817716-9b2d-49f1-a38e-ec10ba80180f>,<urn:uuid:e54673bd-e859-4637-af9c-d24a6ee4dc12>,<urn:uuid:09c6a0ef-464b-454f-8dc9-f4c62fd515f6>,<urn:uuid:436f6dff-4196-4b76-a399-1b5c37ea5bdc>
786,<urn:uuid:949b9ac6-0bdf-4c68-b8ab-681f2e57137d>,<urn:uuid:949b9ac6-0bdf-4c68-b8ab-681f2e57137d>,<urn:uuid:15dfc4b2-5a9b-4615-a25f-987b263355f1>,<urn:uuid:05a62ba5-47cc-4e94-a9d1-4b3dab2f206a>,<urn:uuid:de772f07-a3f9-4d9e-9df6-8112ab6421ea>
787,<urn:uuid:4145d52c-a593-437c-badc-9b3045652b62>,<urn:uuid:4145d52c-a593-437c-badc-9b3045652b62>,<urn:uuid:9600e10a-b872-4740-bf42-c064963b4e1b>,<urn:uuid:a6ce6962-4434-4238-b3c3-62b5b1051c34>,<urn:uuid:7fbcb38a-b418-4b23-8793-fb956b102d5e>
788,<urn:uuid:d1afc577-44f3-449d-bf98-f6f23ed0f181>,<urn:uuid:d1afc577-44f3-449d-bf98-f6f23ed0f181>,<urn:uuid:77cabf9d-0fe6-4891-a21f-60556c0428df>,<urn:uuid:732f1c66-24c3-45be-b2b8-adf8b387e6a1>,<urn:uuid:9e141a4f-572f-4b03-9c21-048cc99dbf26>
789,<urn:uuid:f0f061e8-df74-4531-b125-f4bc644f3a88>,<urn:uuid:f0f061e8-df74-4531-b125-f4bc644f3a88>,<urn:uuid:c018e401-6482-410f-93fe-0c78daa60994>,<urn:uuid:bc32e7ab-5086-42bb-9494-e3af58eb9157>,<urn:uuid:a33fa373-2394-4f4a-bfe7-04fb42f14aa5>
790,<urn:uuid:088063d3-be19-483e-a667-44acd487da88>,<urn:uuid:088063d3-be19-483e-a667-44acd487da88>,<urn:uuid:431dd10c-43a8-49ca-bb5e-5a2211b9fd84>,<urn:uuid:bf48773d-3366-4e64-9678-32571c52e82a>,<urn:uuid:8a8ee714-9dd9-4f6c-8aa1-60fc565584fc>
791,<urn:uuid:df97e450-4ed9-4cf9-8a72-9fdc53e9d9a9>,<urn:uuid:df97e450-4ed9-4cf9-8a72-9fdc53e9d9a9>,<urn:uuid:03371ad1-0da5-4287-81b2-44be295ea9c6>,<urn:uuid:a801082a-4114-4f38-90e1-84893cd27f82>,<urn:uuid:1be51bed-e361-4644-a215-539f23ba02e5>
792,<urn:uuid:c7c04e3d-0795-403f-a77b-3a5db395220f>,<urn:uuid:c7c04e3d-0795-403f-a77b-3a5db395220f>,<urn:uuid:43def4e6-6a7a-4991-9701-23c67485b060>,<urn:uuid:0bd7176d-f815-4f6b-b94c-ee5999735f91>,<urn:uuid:790b23e1-bb06-4c74-a461-14a13bac7022>
793,<urn:uuid:1f673fa2-cced-4bc9-9fef-b99f0105b48a>,<urn:uuid:1f673fa2-cced-4bc9-9fef-b99f0105b48a>,<urn:uuid:0d76d68c-abd7-4598-b723-10eaed821cff>,<urn:uuid:9efd1b5d-5730-469a-87bf-bd6881c4a3a1>,<urn:uuid:a997cabd-c91e-4d99-82cc-8a3803042382>
794,<urn:uuid:8e3af289-fa4a-4efa-9ef8-17ceb43c1e00>,<urn:uuid:8e3af289-fa4a-4efa-9ef8-17ceb43c1e00>,<urn:uuid:60ed65cf-6b2a-44be-a139-8de8a6aebc71>,<urn:uuid:a08f785c-0710-4429-bbcd-16a9ca812176>,<urn:uuid:fcf257ef-7422-47da-85b5-497e541c9d63>
795,<urn:uuid:732f1c66-24c3-45be-b2b8-adf8b387e6a1>,<urn:uuid:732f1c66-24c3-45be-b2b8-adf8b387e6a1>,<urn:uuid:f7fec4ae-7250-4284-9612-800a389ed2c6>,<urn:uuid:b38d89b7-8b33-4f22-b7fc-81fea69fea23>,<urn:uuid:698b5e61-fc66-4d0d-90d7-a5dab9555dee>
796,<urn:uuid:be47c429-96bf-4593-b958-de3d101ae150>,<urn:uuid:614d5c1c-d102-4218-b1aa-555dd0091b66>,<urn:uuid:be47c429-96bf-4593-b958-de3d101ae150>,<urn:uuid:2e1e78ac-1d7f-4299-ba99-b3e8caf5f31b>,<urn:uuid:bb690f11-3494-420d-a756-23908d90619b>
797,<urn:uuid:03ea49e4-f6b0-430c-b68d-2f35cb206eea>,<urn:uuid:03ea49e4-f6b0-430c-b68d-2f35cb206eea>,<urn:uuid:99eb351f-d2b3-45ed-9ec7-cf061b12ebed>,<urn:uuid:05f17a32-8403-4dda-bab5-9620ed60629c>,<urn:uuid:8c5a13a6-de84-43df-8952-e39e5e94f650>
798,<urn:uuid:1e653d34-6bc2-46dc-9c5b-b8b811dec257>,<urn:uuid:1e653d34-6bc2-46dc-9c5b-b8b811dec257>,<urn:uuid:7763daf9-16ee-4758-b18f-d46000cef8b4>,<urn:uuid:afeb019e-27e1-460c-a5be-4abece6d0fd4>,<urn:uuid:558e6e68-2bfd-4d43-bb52-e85cea04f55f>
799,<urn:uuid:fa2a661c-48a7-4b03-a09f-494f5b1eae99>,<urn:uuid:65d8f3ed-fbc0-4ca5-9a21-81904af4bc6f>,<urn:uuid:fa2a661c-48a7-4b03-a09f-494f5b1eae99>,<urn:uuid:74a26fac-cff0-4435-82c0-35c8efceabd2>,<urn:uuid:85580cec-4569-4534-966f-4283d2d98ae2>
800,<urn:uuid:3fa3afaa-83a6-44e4-bb24-1ddb7cac6f48>,<urn:uuid:3fa3afaa-83a6-44e4-bb24-1ddb7cac6f48>,<urn:uuid:a0797c56-a375-429c-9913-183b3aacd51d>,<urn:uuid:d7ce7378-acf9-4da5-893d-774f0078bcb0>,<urn:uuid:bdfed838-dafd-46f5-b133-b0f2c4e8917f>
801,<urn:uuid:214fd24b-a264-4e79-a8eb-0aec014a2416>,<urn:uuid:214fd24b-a264-4e79-a8eb-0aec014a2416>,<urn:uuid:2e885e8e-d606-4c72-80eb-8a617c0db530>,<urn:uuid:5878bb30-23f5-4039-a709-5cb1ffc1fe3e>,<urn:uuid:e5baa0f9-fba0-4401-b37f-f30a1ee7d8a5>
802,<urn:uuid:c366cecc-bf03-4bf3-8799-23e898a61fbb>,<urn:uuid:469c7db3-6f68-468b-8db6-4a6b309d1838>,<urn:uuid:c366cecc-bf03-4bf3-8799-23e898a61fbb>,<urn:uuid:f5cfc630-532e-4446-a5bc-ce33d9f16d88>,<urn:uuid:84445423-21d0-408e-afa0-8fc0cee40d54>
803,<urn:uuid:85580cec-4569-4534-966f-4283d2d98ae2>,<urn:uuid:85580cec-4569-4534-966f-4283d2d98ae2>,<urn:uuid:4caf18c6-3e61-413f-a2cf-995bd9b44508>,<urn:uuid:d3384eae-623e-44ae-af1e-7f894001ae05>,<urn:uuid:778e69e2-32b1-492e-abb5-2ecc8198fbbb>
804,<urn:uuid:0fe1e3e8-b585-41ff-b045-e43b0754d964>,<urn:uuid:0fe1e3e8-b585-41ff-b045-e43b0754d964>,<urn:uuid:e5dcee7c-d28f-4e70-ae79-eea834ad2a59>,<urn:uuid:6f20a64f-0b01-458c-b2c2-bcd87e04d52f>,<urn:uuid:fd8abdde-7ec5-4748-8660-c01243a82990>
805,<urn:uuid:b27ac209-40d4-4039-8b04-8eaed31274c4>,<urn:uuid:b27ac209-40d4-4039-8b04-8eaed31274c4>,<urn:uuid:60ed65cf-6b2a-44be-a139-8de8a6aebc71>,<urn:uuid:ee319f76-e495-4a7a-95c1-1f39bb48f783>,<urn:uuid:a102a6cb-a608-493c-928f-d32a0da4dbf6>
806,<urn:uuid:245c44ae-121f-48da-896e-6a6b6f31b298>,<urn:uuid:245c44ae-121f-48da-896e-6a6b6f31b298>,<urn:uuid:0b913660-02b4-4b7a-9d89-254aea902603>,<urn:uuid:fb9bc7ac-c015-4da3-b93f-acca1075bf6d>,<urn:uuid:fd34f40c-aa9b-444a-b235-c00050020567>
807,<urn:uuid:b8518fa7-47f9-4924-bb5c-d471d7f8e1b1>,<urn:uuid:85d65922-709a-4f5b-9de7-0c2c19fe8ad3>,<urn:uuid:b8518fa7-47f9-4924-bb5c-d471d7f8e1b1>,<urn:uuid:a2626646-66d0-4071-b5ec-eda4f2af559b>,<urn:uuid:04dcc0c6-4277-425a-8d6b-96c7b3e6cb36>
808,<urn:uuid:722d7999-cde2-420d-8442-995c6fe58712>,<urn:uuid:722d7999-cde2-420d-8442-995c6fe58712>,<urn:uuid:de772f07-a3f9-4d9e-9df6-8112ab6421ea>,<urn:uuid:b27ac209-40d4-4039-8b04-8eaed31274c4>,<urn:uuid:21ad2b1a-fa50-43fa-9097-66b7f91f7dff>
809,<urn:uuid:20a5e617-a001-43a4-a434-53dcafae6468>,<urn:uuid:20a5e617-a001-43a4-a434-53dcafae6468>,<urn:uuid:761d04f5-078a-495e-8f15-bb4fe5d1abe2>,<urn:uuid:b71548a9-7676-4547-82a9-4ea6d1a91415>,<urn:uuid:84445423-21d0-408e-afa0-8fc0cee40d54>
810,<urn:uuid:d2da6a37-ab63-49c7-aa51-042357cbaed9>,<urn:uuid:d2da6a37-ab63-49c7-aa51-042357cbaed9>,<urn:uuid:f63777c6-8612-4ae2-ba24-8fbbfc0c55ef>,<urn:uuid:969973e2-30db-4284-ba29-214a38330397>,<urn:uuid:412f36e6-0d20-4fd1-8799-ebb467da7de5>
811,<urn:uuid:9e141a4f-572f-4b03-9c21-048cc99dbf26>,<urn:uuid:9e141a4f-572f-4b03-9c21-048cc99dbf26>,<urn:uuid:a512ff92-05ad-4fc5-a8a4-29eb4dcaceda>,<urn:uuid:038b5b33-85cc-4fa2-926d-24f9b32799a8>,<urn:uuid:063337b6-d31a-4e3f-9509-78427a72fd1a>
812,<urn:uuid:a7ecf244-7468-4ba3-bf2f-31b309c16b89>,<urn:uuid:a7ecf244-7468-4ba3-bf2f-31b309c16b89>,<urn:uuid:c8b3fc13-2f69-4759-b786-46e1840bd8e4>,<urn:uuid:8b3c861d-eb4d-4d2a-8837-9a4c9396cd7c>,<urn:uuid:d65c285d-e090-49b8-8694-dc9f91b2a708>
813,<urn:uuid:a7452c4d-b1d2-4931-a246-37793a5d36e3>,<urn:uuid:fcf257ef-7422-47da-85b5-497e541c9d63>,<urn:uuid:8aacbb44-510c-4fb8-9e68-1f1f41281986>,<urn:uuid:c8e5a2a1-d661-47f2-b530-e601046fe5a6>,<urn:uuid:84445423-21d0-408e-afa0-8fc0cee40d54>
814,<urn:uuid:47d6da57-3915-4a63-a3ef-8504ca9aeba2>,<urn:uuid:47d6da57-3915-4a63-a3ef-8504ca9aeba2>,<urn:uuid:6355eb03-9d78-4c03-82fd-f913ffd3ba32>,<urn:uuid:cbf7e173-bd47-4200-a24f-870a329a8fe0>,<urn:uuid:c12207e2-8a2c-45fb-925b-49807b536825>
815,<urn:uuid:09d7a279-5458-402a-8d31-18cb08bea5d3>,<urn:uuid:09d7a279-5458-402a-8d31-18cb08bea5d3>,<urn:uuid:34850146-ec74-43a7-aec6-38fb14b423bd>,<urn:uuid:f51b7649-f487-4fe1-9fd4-957f28f8bc2b>,<urn:uuid:05dc7140-9baf-4d96-8004-2710c95a7fe5>
816,<urn:uuid:8f8b96b3-8b7b-4058-b2a3-ac6fd6eb4465>,<urn:uuid:8f8b96b3-8b7b-4058-b2a3-ac6fd6eb4465>,<urn:uuid:6f20a64f-0b01-458c-b2c2-bcd87e04d52f>,<urn:uuid:8cabc739-c6ab-4168-b1da-2c963318cbe8>,<urn:uuid:1bb23dee-86df-4ab1-9209-1be885d0b4e7>
817,<urn:uuid:7763daf9-16ee-4758-b18f-d46000cef8b4>,<urn:uuid:7763daf9-16ee-4758-b18f-d46000cef8b4>,<urn:uuid:d0f9b10d-6b51-406c-b6f5-0208354e36af>,<urn:uuid:e03621b2-ab7b-408c-bd42-aa17f2dc3aed>,<urn:uuid:d1afc1ab-8aa1-4bc0-8f9e-6ae9ced51edc>
818,<urn:uuid:d6b9c31f-05e3-4d61-a9a3-67499ad27dfd>,<urn:uuid:6f20a64f-0b01-458c-b2c2-bcd87e04d52f>,<urn:uuid:0bbe1ed1-7019-44d2-b730-3f7b9dd7b119>,<urn:uuid:094f766a-7d20-4cc4-8266-42db996ee30d>,<urn:uuid:d6b9c31f-05e3-4d61-a9a3-67499ad27dfd>
819,<urn:uuid:09c6a0ef-464b-454f-8dc9-f4c62fd515f6>,<urn:uuid:09c6a0ef-464b-454f-8dc9-f4c62fd515f6>,<urn:uuid:f09cbd6c-f24f-421e-93bf-1846ef60063a>,<urn:uuid:e2dc42cd-9747-429c-b534-ac2ed5d84b8f>,<urn:uuid:0560027a-6b45-460d-a1c1-7d2f3e62ef67>
820,<urn:uuid:47b699f7-0565-4c88-acd7-705f49af67f6>,<urn:uuid:8893966e-2d71-479e-af31-2a2706f02a32>,<urn:uuid:4dbc737c-7914-486b-a3d2-249babf4d9ef>,<urn:uuid:46964b3c-df50-4a66-8fd5-bee01e5f96f9>,<urn:uuid:47b699f7-0565-4c88-acd7-705f49af67f6>
821,<urn:uuid:10027ff6-f184-45dc-b6c4-7885d95672ef>,<urn:uuid:10027ff6-f184-45dc-b6c4-7885d95672ef>,<urn:uuid:ad6f1737-d53c-4a11-8a2d-7fee2f70adb9>,<urn:uuid:2b404bc5-35cb-4642-a595-22e03d495efe>,<urn:uuid:ea9f9f2d-ec95-4b86-a017-a0f8f4c1fee7>
822,<urn:uuid:517bcb1f-eb7c-4719-8ab7-b38a3385189a>,<urn:uuid:517bcb1f-eb7c-4719-8ab7-b38a3385189a>,<urn:uuid:47a9595e-15aa-4996-b030-9c436f9899c6>,<urn:uuid:4fed4e00-ba4c-493d-9baf-9e9ac9df2b02>,<urn:uuid:2243b59e-6673-490b-b0c2-94f04dfc9f32>
823,<urn:uuid:bf1453ca-6757-4e29-8d07-856acc67c8d3>,<urn:uuid:bf1453ca-6757-4e29-8d07-856acc67c8d3>,<urn:uuid:bc32e7ab-5086-42bb-9494-e3af58eb9157>,<urn:uuid:90aa48c3-d93d-4673-a092-753f0f722d1b>,<urn:uuid:36cd269a-5423-407e-a771-afbff6131b22>
824,<urn:uuid:0491f437-b67b-46e0-bfe1-c3e7482632eb>,<urn:uuid:0491f437-b67b-46e0-bfe1-c3e7482632eb>,<urn:uuid:8e3af289-fa4a-4efa-9ef8-17ceb43c1e00>,<urn:uuid:0017d27a-bc41-48c7-8d96-0a954dbc6a71>,<urn:uuid:93add79e-45f7-4a8e-bcf6-e992d1cd25f9>
825,<urn:uuid:f56d1d81-a2d7-4352-8f5e-9ceaecd700df>,<urn:uuid:f56d1d81-a2d7-4352-8f5e-9ceaecd700df>,<urn:uuid:df97e450-4ed9-4cf9-8a72-9fdc53e9d9a9>,<urn:uuid:e54673bd-e859-4637-af9c-d24a6ee4dc12>,<urn:uuid:85f9f8e3-e908-424a-b026-72138b9bd9a3>
826,<urn:uuid:412bff32-aafc-4f1d-bba3-6da0e791777e>,<urn:uuid:412bff32-aafc-4f1d-bba3-6da0e791777e>,<urn:uuid:65b8829e-bba2-4b3b-8773-a85a7704dab8>,<urn:uuid:2cdc65bd-3a17-4292-a574-11aadb5ce593>,<urn:uuid:600d84eb-1c98-41de-bd2a-2f48e546bc4d>
827,<urn:uuid:715341a1-7047-4618-b94f-6a1cdc5b4072>,<urn:uuid:715341a1-7047-4618-b94f-6a1cdc5b4072>,<urn:uuid:f84ff98a-4094-466f-ae3f-288f548afd8d>,<urn:uuid:5a77bbeb-44e5-4649-90a3-9094d3f02eac>,<urn:uuid:f47b8593-1595-4088-8253-ebc8017513de>
828,<urn:uuid:690460dc-3a7d-4e44-9b39-5ca3fb138e08>,<urn:uuid:690460dc-3a7d-4e44-9b39-5ca3fb138e08>,<urn:uuid:cba6fe51-2dca-4f9b-88df-6fc5b8eae2f8>,<urn:uuid:bc7f40c7-9498-47df-9f0b-cb8c1ce6227f>,<urn:uuid:6e2f6dc8-9bb2-4089-bc6c-b4fe9d071b2b>
829,<urn:uuid:8fdbcf01-24a7-41d5-9046-4f7a6a795fdc>,<urn:uuid:8fdbcf01-24a7-41d5-9046-4f7a6a795fdc>,<urn:uuid:fd34f40c-aa9b-444a-b235-c00050020567>,<urn:uuid:8ac53201-f2b9-4af3-8dc8-247926a3b254>,<urn:uuid:69e62ade-c4c7-49da-a276-f3980cfb0ef8>
830,<urn:uuid:4bf9c886-941e-4d72-af83-8c623b31d8ee>,<urn:uuid:4bf9c886-941e-4d72-af83-8c623b31d8ee>,<urn:uuid:80f5e51f-9ef5-4415-854f-7cb5b9c900bd>,<urn:uuid:1bc9c986-8a90-4a07-844e-eb0333f2bbfe>,<urn:uuid:969973e2-30db-4284-ba29-214a38330397>
831,<urn:uuid:d91a965e-3c8f-4cc1-a895-d03277ec417f>,<urn:uuid:d91a965e-3c8f-4cc1-a895-d03277ec417f>,<urn:uuid:317d2bfa-2176-491f-bcb4-c05e5ab361db>,<urn:uuid:419415f1-4c2b-44f7-8260-f71edfef2bf0>,<urn:uuid:30769f01-c02d-4790-8126-db9a8a50f74e>
832,<urn:uuid:5cac3cdc-f2c7-47f0-bd56-c50a9741fe0b>,<urn:uuid:5cac3cdc-f2c7-47f0-bd56-c50a9741fe0b>,<urn:uuid:2f98d6d2-bdd5-46a7-9ca6-48d4aa618056>,<urn:uuid:b1299808-8154-4658-bb0d-b86e3a0d803d>,<urn:uuid:afa814c7-314d-4c61-9f26-1913a9080ae7>
833,<urn:uuid:8a844a25-e837-46e5-ade0-f811e58d5ef7>,<urn:uuid:8a844a25-e837-46e5-ade0-f811e58d5ef7>,<urn:uuid:2bd8f6e9-cac3-4160-9207-55eff5a4e4e9>,<urn:uuid:6a899a86-30bd-4f51-852b-937e09cf9a9f>,<urn:uuid:745fb3b4-23b1-469d-b021-2915172d76af>
834,<urn:uuid:60ec90e5-ad93-4fdc-80a3-ac28e607b007>,<urn:uuid:f47b8593-1595-4088-8253-ebc8017513de>,<urn:uuid:8955073d-81d9-4c70-8058-d15b2ea975b8>,<urn:uuid:6652dada-d4cf-49b0-a0cf-9851636b3ce0>,<urn:uuid:f56d1d81-a2d7-4352-8f5e-9ceaecd700df>
835,<urn:uuid:0c7e77df-0623-48d7-a656-fdc76940c01e>,<urn:uuid:0c7e77df-0623-48d7-a656-fdc76940c01e>,<urn:uuid:f0b26f1b-2df0-47ac-b064-8a7d3cd0f513>,<urn:uuid:3de123cf-569c-4770-a110-629ce0121d71>,<urn:uuid:75188b20-3bb2-43bf-976d-f0d6f4b79858>
836,<urn:uuid:8c073110-aab1-42fb-b5c5-4ce5c589d964>,<urn:uuid:8c073110-aab1-42fb-b5c5-4ce5c589d964>,<urn:uuid:71c662cc-a33a-4ec3-9e95-552fad6886be>,<urn:uuid:419415f1-4c2b-44f7-8260-f71edfef2bf0>,<urn:uuid:245c44ae-121f-48da-896e-6a6b6f31b298>
837,<urn:uuid:9efadd05-8e7b-40ee-acaf-b149af1dc9b0>,<urn:uuid:9efadd05-8e7b-40ee-acaf-b149af1dc9b0>,<urn:uuid:7e7a0732-91b5-4589-9074-962387a5ce5f>,<urn:uuid:b9006fab-bba1-48b0-ae57-74b795c6f675>,<urn:uuid:558e6e68-2bfd-4d43-bb52-e85cea04f55f>
838,<urn:uuid:a97d6de2-1817-402a-b8f7-411d2bbd99db>,<urn:uuid:a97d6de2-1817-402a-b8f7-411d2bbd99db>,<urn:uuid:9e141a4f-572f-4b03-9c21-048cc99dbf26>,<urn:uuid:c1a40189-4594-4ee4-b953-55bce6623fae>,<urn:uuid:de772f07-a3f9-4d9e-9df6-8112ab6421ea>
839,<urn:uuid:2e885e8e-d606-4c72-80eb-8a617c0db530>,<urn:uuid:2e885e8e-d606-4c72-80eb-8a617c0db530>,<urn:uuid:61c8cd97-7e7a-4add-bf69-5d7b545604d2>,<urn:uuid:9f2eefaa-f63b-4179-bfbb-110f286cfb37>,<urn:uuid:a9250054-2cdb-41e7-b61f-194f7efe5a32>
840,<urn:uuid:11d45db7-4698-433d-ac97-b1b4c469678a>,<urn:uuid:11d45db7-4698-433d-ac97-b1b4c469678a>,<urn:uuid:c8fb2b6b-5911-498d-afac-9532e2751d1e>,<urn:uuid:8c073110-aab1-42fb-b5c5-4ce5c589d964>,<urn:uuid:245c44ae-121f-48da-896e-6a6b6f31b298>
841,<urn:uuid:8a4611c3-f10b-4520-ad31-d5a39c5c0cf6>,<urn:uuid:a2626646-66d0-4071-b5ec-eda4f2af559b>,<urn:uuid:4ec9e7c0-a9be-49a1-9eb6-5f54a216f609>,<urn:uuid:122ad935-c5c0-4540-b2de-0372f1769b7c>,<urn:uuid:f7fec4ae-7250-4284-9612-800a389ed2c6>
842,<urn:uuid:927a420a-f74c-4c15-b9bb-083cab3a08e3>,<urn:uuid:927a420a-f74c-4c15-b9bb-083cab3a08e3>,<urn:uuid:8b77d61e-d882-4731-be9f-1a06eb06f418>,<urn:uuid:2cf6c2dc-414c-4b96-84c0-e428d73f999d>,<urn:uuid:ea9f9f2d-ec95-4b86-a017-a0f8f4c1fee7>
843,<urn:uuid:46913150-7e2f-46d7-98c5-3e147e7952c9>,<urn:uuid:46913150-7e2f-46d7-98c5-3e147e7952c9>,<urn:uuid:003bae50-9c19-4b36-be6f-6e9c60def0b7>,<urn:uuid:7176e405-d655-4769-ae29-73f31efcac72>,<urn:uuid:4648fddd-4625-47a8-a524-31a8edbe9244>
844,<urn:uuid:4c610869-8e6a-4d29-9aa8-9c27e7be1e89>,<urn:uuid:4c610869-8e6a-4d29-9aa8-9c27e7be1e89>,<urn:uuid:ef6b774d-0e0a-492b-8951-10673d458b23>,<urn:uuid:7d089cac-7955-4a34-910e-ac56d9bf1791>,<urn:uuid:69e62ade-c4c7-49da-a276-f3980cfb0ef8>
845,<urn:uuid:7c4fdaa1-94cd-469a-a6b4-beaeb8847150>,<urn:uuid:7c4fdaa1-94cd-469a-a6b4-beaeb8847150>,<urn:uuid:69e31766-f4d2-4d53-ba0d-9f61efd4c4a0>,<urn:uuid:5a77bbeb-44e5-4649-90a3-9094d3f02eac>,<urn:uuid:55b8a973-6f29-4d48-9c58-c522c3ac9978>
846,<urn:uuid:27c5b948-7dc4-4447-a52c-077ca16c2597>,<urn:uuid:27c5b948-7dc4-4447-a52c-077ca16c2597>,<urn:uuid:f936fb75-e4a1-49ae-86f0-e154554b3ab4>,<urn:uuid:0d76d68c-abd7-4598-b723-10eaed821cff>,<urn:uuid:fa2a661c-48a7-4b03-a09f-494f5b1eae99>
847,<urn:uuid:f2cc2317-4436-4be0-8a07-bf3d850eb49b>,<urn:uuid:f2cc2317-4436-4be0-8a07-bf3d850eb49b>,<urn:uuid:741ccf7f-07ce-46df-81f9-e2f8172446c6>,<urn:uuid:5e6a6d28-6408-45ba-96d9-d96b1f6d0f4b>,<urn:uuid:f72c3fcd-4653-4ac7-bbd5-3d858ff5d335>
848,<urn:uuid:9167c4dc-afb8-4911-a84f-40b2113e8a44>,<urn:uuid:87d4bb49-a431-4a1a-95ba-078d90f1b772>,<urn:uuid:9a1fb378-cdfe-4651-9f01-a38e02ae6cb3>,<urn:uuid:73465f65-8039-4efa-b174-5fe43937bba6>,<urn:uuid:da05571f-fc4e-49d4-86a4-a1e3517a0cbd>
849,<urn:uuid:f0b26f1b-2df0-47ac-b064-8a7d3cd0f513>,<urn:uuid:f0b26f1b-2df0-47ac-b064-8a7d3cd0f513>,<urn:uuid:0bbe1ed1-7019-44d2-b730-3f7b9dd7b119>,<urn:uuid:ef6b774d-0e0a-492b-8951-10673d458b23>,<urn:uuid:8c5a13a6-de84-43df-8952-e39e5e94f650>
850,<urn:uuid:a384a172-7fc2-477b-b6b5-6ffe638b4706>,<urn:uuid:a384a172-7fc2-477b-b6b5-6ffe638b4706>,<urn:uuid:61b3a08d-a942-4fea-90f6-0403751beba0>,<urn:uuid:a66db92b-654d-4d99-95ce-8f7dc533591c>,<urn:uuid:46964b3c-df50-4a66-8fd5-bee01e5f96f9>
851,<urn:uuid:39953459-7a54-4f5b-b565-e03654c02161>,<urn:uuid:39953459-7a54-4f5b-b565-e03654c02161>,<urn:uuid:b27e5516-d6fe-4b2b-91ba-70babd6754f9>,<urn:uuid:65763aaa-b441-4bc2-a234-ea1425e7eed4>,<urn:uuid:71f22731-906e-4f77-a463-69342c687e79>
852,<urn:uuid:ea9f9f2d-ec95-4b86-a017-a0f8f4c1fee7>,<urn:uuid:ea9f9f2d-ec95-4b86-a017-a0f8f4c1fee7>,<urn:uuid:f949f551-e27c-44db-9b21-0ef24e3392e0>,<urn:uuid:342cda8b-967b-4ed1-ada8-83a50513989b>,<urn:uuid:d82eef60-b4ba-44ff-a858-dfe0f1714ee2>
853,<urn:uuid:97df1bb4-fced-4eb5-95a6-f9579a20ee0b>,<urn:uuid:97df1bb4-fced-4eb5-95a6-f9579a20ee0b>,<urn:uuid:8fa1785b-cc77-4434-a30a-66f84a372441>,<urn:uuid:a8c734b1-e1ef-469b-a0b5-d9d7ab736245>,<urn:uuid:e2dc42cd-9747-429c-b534-ac2ed5d84b8f>
854,<urn:uuid:392379d3-640b-45dd-a9fe-1f2c7d26cbf4>,<urn:uuid:ff3eb092-6aea-457d-97c0-e1627effa797>,<urn:uuid:2f98d6d2-bdd5-46a7-9ca6-48d4aa618056>,<urn:uuid:390b291e-7ad6-4a6f-886f-0918685ae95a>,<urn:uuid:daa1acb8-1f0e-4f4a-8944-415534334b3a>
855,<urn:uuid:762d6bd9-b618-4c0b-8581-cf14db2f5b50>,<urn:uuid:762d6bd9-b618-4c0b-8581-cf14db2f5b50>,<urn:uuid:f58aca81-b1b2-4bd4-9e3f-bdaca9036766>,<urn:uuid:41155354-939f-4f71-9294-fe231f77500a>,<urn:uuid:1b3e2476-9072-4da9-93ef-317c6568e467>
856,<urn:uuid:80f5e51f-9ef5-4415-854f-7cb5b9c900bd>,<urn:uuid:80f5e51f-9ef5-4415-854f-7cb5b9c900bd>,<urn:uuid:338d49ba-4d0f-4ecc-8f20-a8534eeb09ce>,<urn:uuid:0560027a-6b45-460d-a1c1-7d2f3e62ef67>,<urn:uuid:df132428-aca4-4583-9050-7a60138a2bcb>
857,<urn:uuid:6f15e849-f12e-4a06-a4b6-6471a770a8d1>,<urn:uuid:285c72a9-36cf-46d0-8851-070ab1b248de>,<urn:uuid:6ebe69ab-fd3f-48d6-88f5-6c90df2e8803>,<urn:uuid:db5835e3-82e0-4cf7-b4ef-071dc7f9bf0b>,<urn:uuid:d65c285d-e090-49b8-8694-dc9f91b2a708>
858,<urn:uuid:2cf6c2dc-414c-4b96-84c0-e428d73f999d>,<urn:uuid:8e72c49d-8958-4e04-ac69-7f83d774ced7>,<urn:uuid:ef6ab3a9-51fa-4458-bfa0-fabe708deb81>,<urn:uuid:14e7fb43-328c-4b9c-b400-2b74eba27276>,<urn:uuid:f58aca81-b1b2-4bd4-9e3f-bdaca9036766>
859,<urn:uuid:1dccb5da-225d-4c3f-86c4-1b23355b6276>,<urn:uuid:1dccb5da-225d-4c3f-86c4-1b23355b6276>,<urn:uuid:47225ded-7da7-4a7d-8c79-af956b598a4b>,<urn:uuid:ad6f1737-d53c-4a11-8a2d-7fee2f70adb9>,<urn:uuid:ae4a69a3-9c5d-43e4-bb67-94cc9d5d9975>
860,<urn:uuid:a66db92b-654d-4d99-95ce-8f7dc533591c>,<urn:uuid:a66db92b-654d-4d99-95ce-8f7dc533591c>,<urn:uuid:b10a841e-7606-4151-81c5-23c371a34c87>,<urn:uuid:40d7296d-8705-4d4d-86ee-4794480b2857>,<urn:uuid:c13c2252-c942-4c80-8217-1c5f803066d8>
861,<urn:uuid:019bcf28-d995-4107-aa82-c931533a056c>,<urn:uuid:019bcf28-d995-4107-aa82-c931533a056c>,<urn:uuid:e3a74b5a-1ac0-406e-a883-5cb50211320e>,<urn:uuid:9486e766-d44c-4c84-bc22-06ff857cac92>,<urn:uuid:fb05bcf1-4145-455f-90bd-f925fb948bd6>
862,<urn:uuid:58d10464-03ff-4df6-9f0e-70a7529c980e>,<urn:uuid:58d10464-03ff-4df6-9f0e-70a7529c980e>,<urn:uuid:3b843133-5a66-4a2b-996b-1798f3aa04fb>,<urn:uuid:84445423-21d0-408e-afa0-8fc0cee40d54>,<urn:uuid:614d5c1c-d102-4218-b1aa-555dd0091b66>
863,<urn:uuid:7f44deab-c800-4393-89b7-357f88c1afaa>,<urn:uuid:7f44deab-c800-4393-89b7-357f88c1afaa>,<urn:uuid:8e72c49d-8958-4e04-ac69-7f83d774ced7>,<urn:uuid:f58aca81-b1b2-4bd4-9e3f-bdaca9036766>,<urn:uuid:1d37aeb0-690d-4d22-aeea-b7eb005b9291>
864,<urn:uuid:7ffebe16-c06d-4783-bcca-cff33a58a90a>,<urn:uuid:7ffebe16-c06d-4783-bcca-cff33a58a90a>,<urn:uuid:64977a97-5fb4-493d-bf24-7b699f597e52>,<urn:uuid:53d507c3-f7c2-4157-a9a0-9b07fc104709>,<urn:uuid:e3e7cb81-0879-4a99-bdb0-c3856dbae474>
865,<urn:uuid:2af8fb09-b8cd-4c55-9632-ef7888f2774b>,<urn:uuid:2af8fb09-b8cd-4c55-9632-ef7888f2774b>,<urn:uuid:003bae50-9c19-4b36-be6f-6e9c60def0b7>,<urn:uuid:02f34621-8637-45e1-914b-c5c135461cae>,<urn:uuid:9a1fb378-cdfe-4651-9f01-a38e02ae6cb3>
866,<urn:uuid:2d83a336-38d2-44ea-877f-11d2888716b6>,<urn:uuid:2d83a336-38d2-44ea-877f-11d2888716b6>,<urn:uuid:793cbf4e-d6ef-4fe6-8f18-0d66df961457>,<urn:uuid:a384a172-7fc2-477b-b6b5-6ffe638b4706>,<urn:uuid:a102a6cb-a608-493c-928f-d32a0da4dbf6>
867,<urn:uuid:9de87fbb-42b0-41e0-aa91-1ddbc92879e9>,<urn:uuid:9de87fbb-42b0-41e0-aa91-1ddbc92879e9>,<urn:uuid:1dccb5da-225d-4c3f-86c4-1b23355b6276>,<urn:uuid:cb53abe9-dd23-4b73-bb2b-278daac0bfeb>,<urn:uuid:a80a6c20-a8f0-4193-bb25-0528cc7df399>
868,<urn:uuid:c1239047-2d99-458e-af8d-39b78ef6d9fc>,<urn:uuid:c1239047-2d99-458e-af8d-39b78ef6d9fc>,<urn:uuid:cd0069d0-3694-4719-b50b-89faf4eeb500>,<urn:uuid:a3a875e2-30e0-4f04-ae40-5f7510a79f2f>,<urn:uuid:e80d017a-95cb-4a13-b9bb-6c878cbf9836>
869,<urn:uuid:b0ba1878-1b05-4e95-ba9f-304b1ee3a7e8>,<urn:uuid:b0ba1878-1b05-4e95-ba9f-304b1ee3a7e8>,<urn:uuid:1bb23dee-86df-4ab1-9209-1be885d0b4e7>,<urn:uuid:dfebd457-23d9-4898-9955-fb5b3f739b90>,<urn:uuid:fd8abdde-7ec5-4748-8660-c01243a82990>
870,<urn:uuid:503e501d-cd62-4ff4-ac77-4fcf156718e6>,<urn:uuid:503e501d-cd62-4ff4-ac77-4fcf156718e6>,<urn:uuid:ee319f76-e495-4a7a-95c1-1f39bb48f783>,<urn:uuid:245c44ae-121f-48da-896e-6a6b6f31b298>,<urn:uuid:7f176fbf-7b7d-4a6f-996e-f566fe3cbcca>
871,<urn:uuid:3d21b5ee-5cbb-45e4-92f9-a1c6f2d09a5a>,<urn:uuid:3d21b5ee-5cbb-45e4-92f9-a1c6f2d09a5a>,<urn:uuid:4648fddd-4625-47a8-a524-31a8edbe9244>,<urn:uuid:46913150-7e2f-46d7-98c5-3e147e7952c9>,<urn:uuid:b1284cd5-8760-4098-b998-9099fd25eb23>
872,<urn:uuid:f84ff98a-4094-466f-ae3f-288f548afd8d>,<urn:uuid:f84ff98a-4094-466f-ae3f-288f548afd8d>,<urn:uuid:209225d3-b9fc-4eda-ac27-ef865f7027f4>,<urn:uuid:f47b8593-1595-4088-8253-ebc8017513de>,<urn:uuid:de21c854-2b3d-4f03-83d9-40bd0130c1a1>
873,<urn:uuid:23df0db1-c023-4770-a005-c51027020748>,<urn:uuid:23df0db1-c023-4770-a005-c51027020748>,<urn:uuid:9e141a4f-572f-4b03-9c21-048cc99dbf26>,<urn:uuid:821308bb-e50d-4765-840f-baf20ba50181>,<urn:uuid:db6a1d04-32b2-4dd8-ae40-c29441ee847f>
874,<urn:uuid:f9fc71b3-795f-4865-baf1-c246bdd3b278>,<urn:uuid:f9fc71b3-795f-4865-baf1-c246bdd3b278>,<urn:uuid:d3384eae-623e-44ae-af1e-7f894001ae05>,<urn:uuid:54c8435e-2fe9-448c-aec7-1099709943d3>,<urn:uuid:cfe2341d-5ce1-46ed-9c42-2b2c925e9b6c>
875,<urn:uuid:27cb0d3c-042e-4f2d-8531-6ff966e92343>,<urn:uuid:27cb0d3c-042e-4f2d-8531-6ff966e92343>,<urn:uuid:519a537d-1dbe-4730-bf8b-b82e8b14a021>,<urn:uuid:338d49ba-4d0f-4ecc-8f20-a8534eeb09ce>,<urn:uuid:75800a39-25ef-4913-9490-94851b5353da>
876,<urn:uuid:4ec9e7c0-a9be-49a1-9eb6-5f54a216f609>,<urn:uuid:a2626646-66d0-4071-b5ec-eda4f2af559b>,<urn:uuid:4ec9e7c0-a9be-49a1-9eb6-5f54a216f609>,<urn:uuid:6dc0921d-94e4-49ff-a0aa-5c4c73e0d9bb>,<urn:uuid:6d5110ad-d661-41e6-9efe-4891031cbb37>
877,<urn:uuid:8b533bd2-7ade-4573-ab9b-78d7250cace5>,<urn:uuid:8b533bd2-7ade-4573-ab9b-78d7250cace5>,<urn:uuid:e5baa0f9-fba0-4401-b37f-f30a1ee7d8a5>,<urn:uuid:2e1e78ac-1d7f-4299-ba99-b3e8caf5f31b>,<urn:uuid:8aacbb44-510c-4fb8-9e68-1f1f41281986>
878,<urn:uuid:ff62a317-723e-443c-b8c8-6f7364101670>,<urn:uuid:ff62a317-723e-443c-b8c8-6f7364101670>,<urn:uuid:a3ecdb60-0a0c-4cd1-9071-d92e769f907e>,<urn:uuid:e54673bd-e859-4637-af9c-d24a6ee4dc12>,<urn:uuid:ec857598-081d-4480-a9ef-3e1a041e672c>
879,<urn:uuid:5d7fb9a5-7c4c-443b-9411-d1e39fba006f>,<urn:uuid:5d7fb9a5-7c4c-443b-9411-d1e39fba006f>,<urn:uuid:790b23e1-bb06-4c74-a461-14a13bac7022>,<urn:uuid:a0797c56-a375-429c-9913-183b3aacd51d>,<urn:uuid:83ba4f3d-43cd-4f87-ac06-4c6a555f32f3>
880,<urn:uuid:aa5fe3d5-eeb5-4986-965c-31b47ad194b8>,<urn:uuid:aa5fe3d5-eeb5-4986-965c-31b47ad194b8>,<urn:uuid:0b6258c3-fa05-483f-af91-cf208f0c07e3>,<urn:uuid:65b8829e-bba2-4b3b-8773-a85a7704dab8>,<urn:uuid:65fdef64-6a10-4c38-b52e-cd2b6dbcd4b3>
881,<urn:uuid:436c1195-78a1-4bc9-accf-def5a1130255>,<urn:uuid:436c1195-78a1-4bc9-accf-def5a1130255>,<urn:uuid:9be4171c-097e-4e3a-8e8e-2130f4c8f040>,<urn:uuid:abd1778d-9ce8-443b-a8e7-ee459d71c85a>,<urn:uuid:2af8fb09-b8cd-4c55-9632-ef7888f2774b>
882,<urn:uuid:685f464a-b204-4bc0-9eee-8297f6c6ecc2>,<urn:uuid:b9006fab-bba1-48b0-ae57-74b795c6f675>,<urn:uuid:685f464a-b204-4bc0-9eee-8297f6c6ecc2>,<urn:uuid:64d15139-e61c-424e-bd63-654eb3629161>,<urn:uuid:15dfc4b2-5a9b-4615-a25f-987b263355f1>
883,<urn:uuid:fb9bc7ac-c015-4da3-b93f-acca1075bf6d>,<urn:uuid:11d45db7-4698-433d-ac97-b1b4c469678a>,<urn:uuid:24bd1f08-74b6-4bf1-9dc8-c18b13060263>,<urn:uuid:8f94e7c8-1b7c-400b-9e24-8bf329f21ca4>,<urn:uuid:7e7a0732-91b5-4589-9074-962387a5ce5f>
884,<urn:uuid:ff6eb22d-7aa2-41a5-83b9-3ea969d4b050>,<urn:uuid:ff6eb22d-7aa2-41a5-83b9-3ea969d4b050>,<urn:uuid:afa814c7-314d-4c61-9f26-1913a9080ae7>,<urn:uuid:b879f618-c2b9-4add-ac3b-1228379d1374>,<urn:uuid:f2cc2317-4436-4be0-8a07-bf3d850eb49b>
885,<urn:uuid:ab965122-da4f-4345-9751-6ee3b8e2a3e7>,<urn:uuid:ab965122-da4f-4345-9751-6ee3b8e2a3e7>,<urn:uuid:f09cbd6c-f24f-421e-93bf-1846ef60063a>,<urn:uuid:69e62ade-c4c7-49da-a276-f3980cfb0ef8>,<urn:uuid:dbc80200-7b13-4f67-ad29-7772fd5ba940>
886,<urn:uuid:e85958e0-ba94-48be-ae4a-8824014ec144>,<urn:uuid:e85958e0-ba94-48be-ae4a-8824014ec144>,<urn:uuid:96e63599-0cdf-4bd5-88e5-47dc02b7a948>,<urn:uuid:e8366689-794a-440c-8ea5-1ff9c3b5c9fc>,<urn:uuid:63251731-1ac6-4d8e-b536-c6f3d9539005>
887,<urn:uuid:d3384eae-623e-44ae-af1e-7f894001ae05>,<urn:uuid:d3384eae-623e-44ae-af1e-7f894001ae05>,<urn:uuid:93817547-d021-41a1-a59d-a4c68220cc4f>,<urn:uuid:5bcb0076-10dc-49b7-8d16-194e7e39315a>,<urn:uuid:36cd269a-5423-407e-a771-afbff6131b22>
888,<urn:uuid:a6119adb-dcc8-4b0d-8e8d-18e475e03933>,<urn:uuid:a6119adb-dcc8-4b0d-8e8d-18e475e03933>,<urn:uuid:d0f9b10d-6b51-406c-b6f5-0208354e36af>,<urn:uuid:b38d89b7-8b33-4f22-b7fc-81fea69fea23>,<urn:uuid:434297fb-cbe0-43e0-be23-290eaf10f927>
889,<urn:uuid:f7fec4ae-7250-4284-9612-800a389ed2c6>,<urn:uuid:f7fec4ae-7250-4284-9612-800a389ed2c6>,<urn:uuid:479e870d-a27b-4c51-ac51-fc2fda8df87e>,<urn:uuid:85580cec-4569-4534-966f-4283d2d98ae2>,<urn:uuid:039a8593-b3b8-4d7a-8f0c-31070bb8acc4>
890,<urn:uuid:1e7aff87-7e56-4695-a5c4-55e5819a685d>,<urn:uuid:1e7aff87-7e56-4695-a5c4-55e5819a685d>,<urn:uuid:024101e8-1cea-44b6-8562-f5708fad3974>,<urn:uuid:0b6258c3-fa05-483f-af91-cf208f0c07e3>,<urn:uuid:f0b26f1b-2df0-47ac-b064-8a7d3cd0f513>
891,<urn:uuid:9aca21e9-6a1e-4050-8cbe-9a5a542fee06>,<urn:uuid:9aca21e9-6a1e-4050-8cbe-9a5a542fee06>,<urn:uuid:ff6eb22d-7aa2-41a5-83b9-3ea969d4b050>,<urn:uuid:43def4e6-6a7a-4991-9701-23c67485b060>,<urn:uuid:62f21893-793f-4f92-8c9b-d68ff35b66bc>
892,<urn:uuid:7cc03573-addb-413c-a040-b955b704e196>,<urn:uuid:7cc03573-addb-413c-a040-b955b704e196>,<urn:uuid:9656eee8-857d-4478-8b53-f6e968246595>,<urn:uuid:4c610869-8e6a-4d29-9aa8-9c27e7be1e89>,<urn:uuid:e3e7cb81-0879-4a99-bdb0-c3856dbae474>
893,<urn:uuid:dfdf6188-7c91-42c6-bbc4-a2c745f8d643>,<urn:uuid:bc32e7ab-5086-42bb-9494-e3af58eb9157>,<urn:uuid:87f961ab-c325-4054-9760-16d9b2388bb2>,<urn:uuid:039a8593-b3b8-4d7a-8f0c-31070bb8acc4>,<urn:uuid:cd0069d0-3694-4719-b50b-89faf4eeb500>
894,<urn:uuid:588a5c34-4265-47e9-acce-20ed97b10ab8>,<urn:uuid:588a5c34-4265-47e9-acce-20ed97b10ab8>,<urn:uuid:59112fa2-d5e4-411c-adb0-b3429470125d>,<urn:uuid:0cee5102-6622-4d3b-a733-874c54a23ef3>,<urn:uuid:deafac80-9ae7-4674-9963-740f86ede8de>
